time,open,high,low,close,volume
2014-07-02,4.17,4.34,4.13,4.34,31800
2014-07-03,4.25,4.25,4.25,4.25,19200
2014-07-04,4.25,4.25,4.21,4.21,11500
2014-07-07,4.29,4.29,4.21,4.25,27500
2014-07-08,4.21,4.38,4.21,4.38,46800
2014-07-09,4.46,4.46,4.25,4.34,4600
2014-07-10,4.34,4.34,4.25,4.29,35000
2014-07-11,4.34,4.34,4.29,4.34,2700
2014-07-14,4.38,4.46,4.38,4.46,17000
2014-07-15,4.46,4.58,4.46,4.58,14100
2014-07-16,4.62,4.62,4.58,4.58,83800
2014-07-17,4.54,4.54,4.5,4.54,14600
2014-07-18,4.5,4.54,4.5,4.54,36700
2014-07-21,4.54,4.54,4.46,4.5,12300
2014-07-22,4.5,4.54,4.5,4.5,32700
2014-07-23,4.5,4.5,4.46,4.46,1500
2014-07-24,4.46,4.46,4.46,4.46,3000
2014-07-25,4.46,4.46,4.42,4.42,19000
2014-07-28,4.34,4.34,4.29,4.29,10400
2014-07-29,4.42,4.42,4.42,4.42,400
2014-07-30,4.42,4.42,4.42,4.42,1000
2014-07-31,4.29,4.34,4.29,4.34,18700
2014-08-01,4.34,4.34,4.29,4.34,38200
2014-08-04,4.34,4.34,4.34,4.34,0
2014-08-05,4.34,4.34,4.34,4.34,30800
2014-08-06,4.29,4.34,4.29,4.34,2800
2014-08-07,4.34,4.34,4.34,4.34,6500
2014-08-08,4.34,4.34,4.29,4.29,3100
2014-08-11,4.34,4.34,4.34,4.34,100
2014-08-12,4.29,4.42,4.29,4.42,85900
2014-08-13,4.38,4.42,4.38,4.42,8800
2014-08-14,4.42,4.42,4.42,4.42,48600
2014-08-15,4.42,4.42,4.29,4.29,62100
2014-08-18,4.38,4.38,4.34,4.34,800
2014-08-19,3.93,4.38,3.93,4.38,78000
2014-08-20,4.42,4.42,4.42,4.42,79000
2014-08-21,4.42,4.46,4.42,4.46,27200
2014-08-22,4.46,4.46,4.42,4.42,58600
2014-08-25,4.5,4.5,4.42,4.42,22400
2014-08-26,4.42,4.42,4.21,4.21,500
2014-08-27,4.46,4.46,4.38,4.38,2200
2014-08-28,4.46,4.5,4.38,4.38,14200
2014-08-29,4.42,4.42,4.42,4.42,300
2014-09-03,4.42,4.42,4.42,4.42,14300
2014-09-04,4.42,4.42,4.42,4.42,80100
2014-09-05,4.42,4.42,4.42,4.42,600
2014-09-08,4.5,4.54,4.5,4.5,16300
2014-09-09,4.5,4.5,4.46,4.46,52300
2014-09-10,4.46,4.46,4.42,4.42,25300
2014-09-11,4.5,4.5,4.5,4.5,10000
2014-09-12,4.42,4.42,4.42,4.42,4500
2014-09-15,4.42,4.46,4.42,4.46,6000
2014-09-16,4.46,4.46,4.42,4.42,23600
2014-09-17,4.42,4.42,4.42,4.42,10500
2014-09-18,4.46,4.54,4.46,4.54,18200
2014-09-19,4.5,4.5,4.5,4.5,5500
2014-09-22,4.5,4.5,4.46,4.46,9200
2014-09-23,4.46,4.46,4.46,4.46,33000
2014-09-24,4.46,4.46,4.42,4.42,30100
2014-09-25,4.42,4.46,4.42,4.42,33200
2014-09-26,4.42,4.46,4.42,4.46,2200
2014-09-29,4.34,4.46,4.34,4.46,1200
2014-09-30,4.46,4.46,4.46,4.46,100
2014-10-01,4.46,4.46,4.46,4.46,8300
2014-10-02,4.46,4.46,4.42,4.42,17100
2014-10-03,4.42,4.46,4.38,4.38,52400
2014-10-06,4.42,4.58,4.42,4.58,53800
2014-10-07,4.58,4.58,4.46,4.46,15100
2014-10-08,4.5,4.58,4.46,4.58,15700
2014-10-09,4.5,4.54,4.46,4.5,130000
2014-10-10,4.46,4.46,4.42,4.42,16000
2014-10-13,4.42,4.54,4.42,4.54,5700
2014-10-14,4.46,4.46,4.46,4.46,1500
2014-10-15,4.29,4.46,4.29,4.46,6100
2014-10-16,4.46,4.46,4.42,4.42,6500
2014-10-17,4.25,4.54,4.17,4.54,30100
2014-10-20,4.25,4.46,4.25,4.42,6700
2014-10-21,4.5,4.5,4.42,4.46,5300
2014-10-22,4.5,4.5,4.46,4.46,24900
2014-10-23,4.46,4.46,4.42,4.46,13864
2014-10-24,4.46,4.46,4.46,4.46,0
2014-10-27,4.46,4.46,4.46,4.46,100
2014-10-28,4.46,4.46,4.46,4.46,5050
2014-10-29,4.42,4.42,4.42,4.42,20000
2014-10-30,4.38,4.38,4.34,4.38,4800
2014-10-31,4.34,4.5,4.29,4.46,149600
2014-11-03,4.38,4.38,4.38,4.38,9100
2014-11-04,4.38,4.54,4.38,4.54,53100
2014-11-05,4.42,4.42,4.42,4.42,100
2014-11-06,4.5,4.62,4.5,4.62,32500
2014-11-07,4.46,4.7,4.46,4.62,41100
2014-11-10,4.46,4.7,4.46,4.7,34816
2014-11-11,4.7,4.7,4.54,4.54,38500
2014-11-12,4.54,4.74,4.54,4.7,47850
2014-11-13,4.62,4.74,4.46,4.58,16600
2014-11-14,4.62,4.7,4.62,4.62,16100
2014-11-17,4.62,4.7,4.62,4.62,24020
2014-11-18,4.7,4.79,4.66,4.74,30800
2014-11-19,4.7,4.79,4.7,4.79,56700
2014-11-20,4.79,4.79,4.79,4.79,1200
2014-11-21,4.7,4.79,4.7,4.74,16700
2014-11-24,4.74,4.74,4.7,4.74,35200
2014-11-25,4.74,4.83,4.74,4.74,46100
2014-11-26,4.74,4.95,4.74,4.87,37250
2014-11-27,4.87,4.95,4.87,4.91,23400
2014-11-28,4.99,4.99,4.91,4.99,9400
2014-12-01,4.99,4.99,4.99,4.99,40
2014-12-02,4.79,5.11,4.7,5.11,20100
2014-12-03,5.11,5.15,5.03,5.11,32700
2014-12-04,5.11,5.32,5.07,5.19,70500
2014-12-05,4.74,5.19,4.74,5.07,36900
2014-12-08,4.95,4.99,4.95,4.99,6700
2014-12-09,4.7,4.91,4.7,4.87,13320
2014-12-10,4.91,4.91,4.91,4.91,1810
2014-12-11,5.11,5.11,5.11,5.11,520
2014-12-12,4.91,5.11,4.91,5.11,43300
2014-12-15,5.11,5.11,5.11,5.11,0
2014-12-16,5.11,5.11,5.11,5.11,0
2014-12-17,4.87,5.11,4.87,5.07,24100
2014-12-18,4.91,5.07,4.91,5.07,26400
2014-12-19,4.62,5.03,4.58,4.99,29000
2014-12-22,5.07,5.07,5.07,5.07,446
2014-12-23,5.07,5.07,5.07,5.07,600
2014-12-24,5.07,5.07,5.07,5.07,0
2014-12-25,5.07,5.07,5.07,5.07,0
2014-12-26,5.11,5.11,4.62,4.62,1334
2014-12-29,4.87,4.87,4.87,4.87,15000
2014-12-30,4.87,4.87,4.87,4.87,0
2014-12-31,4.62,4.91,4.62,4.91,1696
2015-01-05,4.7,4.74,4.66,4.74,17500
2015-01-06,4.74,4.74,4.5,4.5,8000
2015-01-07,4.42,4.7,4.34,4.7,110400
2015-01-08,4.74,4.74,4.46,4.46,1100
2015-01-09,4.74,4.87,4.74,4.87,11100
2015-01-12,4.54,4.54,4.54,4.54,100
2015-01-13,4.54,4.74,4.54,4.74,5000
2015-01-14,4.74,4.74,4.74,4.74,5000
2015-01-15,4.7,4.7,4.7,4.7,300
2015-01-16,4.74,4.74,4.7,4.7,7200
2015-01-19,4.7,4.7,4.7,4.7,2000
2015-01-20,4.7,4.74,4.7,4.74,90100
2015-01-21,4.74,4.74,4.29,4.74,22000
2015-01-22,4.83,4.83,4.83,4.83,800
2015-01-23,4.74,4.74,4.7,4.74,23500
2015-01-26,4.74,4.74,4.74,4.74,5100
2015-01-27,4.74,4.74,4.74,4.74,0
2015-01-28,4.79,4.79,4.79,4.79,700
2015-01-29,4.79,4.79,4.79,4.79,1000
2015-01-30,4.7,4.7,4.7,4.7,2000
2015-02-02,4.74,4.91,4.74,4.83,29500
2015-02-03,4.83,4.83,4.79,4.83,21400
2015-02-04,4.83,4.83,4.83,4.83,0
2015-02-05,4.83,4.83,4.83,4.83,3900
2015-02-06,4.83,4.83,4.83,4.83,39500
2015-02-09,5.28,5.28,5.28,5.28,2500
2015-02-10,5.28,5.28,5.28,5.28,0
2015-02-11,4.87,4.87,4.83,4.83,5000
2015-02-12,4.83,4.83,4.83,4.83,6500
2015-02-13,4.83,4.83,4.83,4.83,12600
2015-02-24,4.83,4.83,4.83,4.83,0
2015-02-25,4.83,4.83,4.83,4.83,1000
2015-02-26,4.91,4.91,4.91,4.91,26000
2015-02-27,4.91,4.91,4.83,4.83,13900
2015-03-02,4.83,4.83,4.83,4.83,0
2015-03-03,4.83,4.83,4.83,4.83,1300
2015-03-04,4.91,4.91,4.91,4.91,25250
2015-03-05,4.91,4.91,4.91,4.91,4900
2015-03-06,4.95,4.99,4.95,4.99,18400
2015-03-09,4.95,5.03,4.95,4.99,67900
2015-03-10,4.99,5.03,4.99,4.99,26400
2015-03-11,5.03,5.03,4.99,5.03,22000
2015-03-12,5.03,5.03,5.03,5.03,24000
2015-03-13,5.03,5.07,5.03,5.07,24100
2015-03-16,5.07,5.07,5.03,5.03,10204
2015-03-17,5.03,5.11,5.03,5.11,26000
2015-03-18,5.24,5.24,5.19,5.24,3100
2015-03-19,5.07,5.11,4.91,4.91,10400
2015-03-20,4.91,5.15,4.91,5.11,11000
2015-03-23,5.11,5.11,5.11,5.11,5100
2015-03-24,4.95,5.11,4.95,5.11,13100
2015-03-25,4.99,5.11,4.99,5.11,13000
2015-03-26,5.11,5.11,5.11,5.11,5000
2015-03-27,5.11,5.11,5.11,5.11,4400
2015-03-30,5.07,5.07,5.07,5.07,5000
2015-03-31,5.11,5.11,5.07,5.07,1348
2015-04-01,5.07,5.07,4.99,5.03,16600
2015-04-02,4.91,4.91,4.91,4.91,6202
2015-04-03,5.03,5.07,5.03,5.07,2610
2015-04-06,5.11,5.11,5.11,5.11,26000
2015-04-07,4.91,5.11,4.91,5.11,1100
2015-04-08,4.99,5.11,4.99,5.11,4700
2015-04-09,5.15,5.15,5.11,5.11,3000
2015-04-10,5.15,5.19,5.11,5.15,14000
2015-04-13,5.15,5.15,5.15,5.15,0
2015-04-14,5.11,5.15,5.11,5.15,62000
2015-04-15,5.15,5.15,5.11,5.11,46900
2015-04-16,5.11,5.11,5.11,5.11,12000
2015-04-17,5.11,5.11,5.11,5.11,49300
2015-04-20,5.11,5.11,5.11,5.11,7000
2015-04-21,5.11,5.15,5.11,5.11,50600
2015-04-22,5.11,5.11,5.11,5.11,5698
2015-04-23,5.15,5.15,5.11,5.11,10402
2015-04-24,5.15,5.15,5.15,5.15,100
2015-04-27,5.15,5.15,5.15,5.15,1100
2015-05-04,5.11,5.15,5.03,5.11,22000
2015-05-05,5.07,5.11,5.07,5.11,14100
2015-05-06,5.15,5.15,5.11,5.11,22700
2015-05-07,5.15,5.56,5.11,5.56,10900
2015-05-08,5.11,5.15,5.11,5.15,1300
2015-05-11,5.15,5.15,5.15,5.15,0
2015-05-12,5.19,5.19,5.19,5.19,40800
2015-05-13,5.07,5.07,5.07,5.07,100
2015-05-14,5.11,5.15,5.11,5.11,22000
2015-05-15,5.11,5.11,5.11,5.11,49200
2015-05-18,5.11,5.11,5.07,5.07,43500
2015-05-19,5.11,5.11,5.11,5.11,5000
2015-05-20,5.15,5.19,5.15,5.19,3700
2015-05-21,5.19,5.19,5.19,5.19,5000
2015-05-22,5.19,5.19,5.19,5.19,0
2015-05-25,5.24,5.24,5.24,5.24,7000
2015-05-26,5.28,5.32,5.15,5.15,10000
2015-05-27,5.24,5.32,5.24,5.28,24100
2015-05-28,5.32,5.32,5.32,5.32,2500
2015-05-29,5.32,5.32,5.32,5.32,50200
2015-06-01,5.32,5.32,5.32,5.32,16
2015-06-02,5.52,5.52,5.19,5.19,88900
2015-06-03,5.19,5.4,5.19,5.32,4000
2015-06-04,5.32,5.32,5.32,5.32,10100
2015-06-05,5.4,5.4,5.32,5.32,3450
2015-06-08,5.4,5.48,5.4,5.4,18300
2015-06-09,5.4,5.4,5.4,5.4,0
2015-06-10,5.32,5.32,5.32,5.32,700
2015-06-11,5.36,5.36,5.36,5.36,4700
2015-06-12,5.4,5.44,5.4,5.4,12700
2015-06-15,5.4,5.4,5.36,5.36,9000
2015-06-16,5.36,5.36,5.36,5.36,0
2015-06-17,5.36,5.36,5.36,5.36,2500
2015-06-18,5.36,5.36,5.36,5.36,4900
2015-06-19,5.36,5.36,5.36,5.36,9800
2015-06-22,5.36,5.4,5.36,5.4,10100
2015-06-23,5.44,5.44,5.4,5.4,8200
2015-06-24,5.44,5.44,5.11,5.24,28950
2015-06-25,5.6,5.6,5.36,5.36,1150
2015-06-26,5.4,5.4,4.83,4.83,50600
2015-06-29,4.91,4.91,4.91,4.91,100
2015-06-30,5.4,5.4,5.11,5.4,6500
2015-07-01,5.4,5.4,5.4,5.4,24
2015-07-02,5.32,5.4,5.32,5.4,13100
2015-07-03,5.4,5.4,5.4,5.4,45950
2015-07-06,5.4,5.4,4.87,4.87,16500
2015-07-07,5.32,5.32,5.32,5.32,3700
2015-07-08,5.36,5.4,5.32,5.32,16000
2015-07-09,5.32,5.32,5.32,5.32,0
2015-07-10,5.44,5.44,5.36,5.36,5100
2015-07-13,5.44,5.44,5.44,5.44,9000
2015-07-14,5.44,5.44,5.44,5.44,6100
2015-07-15,5.4,5.44,5.32,5.44,15100
2015-07-16,5.44,5.44,4.95,4.95,21600
2015-07-17,5.32,5.44,5.24,5.44,16700
2015-07-20,5.4,5.4,5.24,5.24,1300
2015-07-21,5.44,5.44,5.4,5.4,13200
2015-07-22,5.4,5.44,5.4,5.4,17900
2015-07-23,5.4,5.4,5.4,5.4,0
2015-07-24,5.32,5.44,5.32,5.44,200
2015-07-27,5.44,5.44,5.44,5.44,0
2015-07-28,5.6,5.6,5.6,5.6,100
2015-07-29,5.6,5.6,5.6,5.6,0
2015-07-30,6.09,6.09,5.44,5.44,1200
2015-07-31,5.64,5.64,5.64,5.64,100
2015-08-03,5.44,5.52,5.4,5.52,3500
2015-08-04,5.64,6.01,5.36,5.36,3300
2015-08-05,5.85,5.85,5.32,5.52,17000
2015-08-06,5.52,5.52,5.44,5.44,20100
2015-08-07,5.52,5.52,5.52,5.52,1506
2015-08-10,5.44,5.64,5.44,5.64,2500
2015-08-11,5.69,5.69,5.56,5.56,7070
2015-08-12,5.56,5.56,5.52,5.52,6200
2015-08-13,5.32,5.52,5.32,5.48,9200
2015-08-14,5.48,5.52,5.44,5.52,3200
2015-08-17,5.48,5.52,5.48,5.52,2900
2015-08-18,5.52,5.56,5.52,5.52,20000
2015-08-19,5.52,5.52,5.52,5.52,0
2015-08-20,5.52,5.52,5.52,5.52,10000
2015-08-21,5.48,5.48,5.44,5.48,37000
2015-08-24,5.36,5.52,4.95,4.95,758600
2015-08-25,5.32,5.44,5.32,5.44,14800
2015-08-26,5.52,5.52,5.52,5.52,7100
2015-08-27,5.56,5.6,5.56,5.6,7900
2015-08-28,5.6,5.6,5.56,5.56,17100
2015-08-31,5.56,5.56,5.56,5.56,5000
2015-09-01,5.48,5.56,5.48,5.56,64600
2015-09-03,5.52,5.52,5.52,5.52,400
2015-09-04,5.52,5.69,5.52,5.69,6400
2015-09-07,5.6,5.6,5.6,5.6,18800
2015-09-08,5.56,5.64,5.56,5.64,11800
2015-09-09,5.64,5.73,5.64,5.73,24750
2015-09-10,5.73,5.73,5.73,5.73,6600
2015-09-11,5.73,5.73,5.73,5.73,2200
2015-09-14,5.81,5.81,5.81,5.81,20200
2015-09-15,5.81,5.81,5.81,5.81,9900
2015-09-16,5.81,5.81,5.81,5.81,300
2015-09-17,5.73,5.81,5.73,5.81,1100
2015-09-18,5.81,5.89,5.81,5.89,5200
2015-09-21,5.89,5.89,5.89,5.89,12000
2015-09-22,5.89,5.89,5.89,5.89,1850
2015-09-23,5.89,5.89,5.89,5.89,0
2015-09-24,5.4,6.46,5.4,6.46,5500
2015-09-25,6.46,6.46,6.46,6.46,0
2015-09-28,5.85,6.3,5.85,6.3,33100
2015-09-29,6.46,6.54,5.69,5.69,500
2015-09-30,6.14,6.14,6.14,6.14,100
2015-10-01,5.93,6.05,5.93,6.05,14900
2015-10-02,6.05,6.05,6.05,6.05,29000
2015-10-05,6.05,6.05,6.05,6.05,0
2015-10-06,6.05,6.14,6.05,6.14,82800
2015-10-07,5.52,6.34,5.52,6.26,71200
2015-10-08,6.05,6.05,6.05,6.05,5000
2015-10-09,6.22,6.22,6.22,6.22,200
2015-10-12,6.22,6.22,6.22,6.22,2300
2015-10-13,6.14,6.22,6.14,6.22,5000
2015-10-14,6.22,6.22,6.22,6.22,0
2015-10-15,6.22,6.22,6.22,6.22,48000
2015-10-16,6.22,6.22,6.22,6.22,0
2015-10-19,6.14,6.14,6.05,6.05,13000
2015-10-20,6.05,6.18,6.05,6.05,21600
2015-10-21,6.05,6.05,6.05,6.05,10100
2015-10-22,6.01,6.14,6.01,6.14,60900
2015-10-23,6.14,6.14,6.09,6.09,36000
2015-10-26,6.14,6.14,5.81,5.81,22000
2015-10-27,6.01,6.22,6.01,6.22,33600
2015-10-28,6.26,6.26,6.14,6.22,6400
2015-10-29,6.22,6.26,6.22,6.26,16100
2015-10-30,6.34,6.34,6.34,6.34,18100
2015-11-02,6.14,6.34,5.77,5.77,2200
2015-11-03,6.34,6.34,6.34,6.34,32500
2015-11-04,6.34,6.34,6.34,6.34,48500
2015-11-05,6.34,6.34,6.34,6.34,40000
2015-11-06,6.34,6.95,6.34,6.54,37600
2015-11-09,6.34,6.54,6.34,6.54,15300
2015-11-10,6.38,6.54,6.34,6.54,137200
2015-11-11,6.54,6.71,6.46,6.67,1494850
2015-11-12,7.35,7.35,6.99,7.04,43600
2015-11-13,7.19,7.19,6.99,6.99,2100
2015-11-16,6.99,7.04,6.94,6.94,138500
2015-11-17,6.99,7.09,6.84,7.09,1067210
2015-11-18,7.09,7.09,6.99,6.99,8300
2015-11-19,6.73,6.94,6.73,6.94,8900
2015-11-20,6.63,7.04,6.63,7.04,5500
2015-11-23,6.94,6.94,6.94,6.94,80000
2015-11-24,6.89,6.89,6.89,6.89,15500
2015-11-25,6.89,6.89,6.84,6.84,16100
2015-11-26,7.04,7.04,6.89,6.89,9500
2015-11-27,6.84,6.84,6.84,6.84,4600
2015-11-30,6.89,6.89,6.84,6.89,44900
2015-12-01,6.94,6.94,6.89,6.94,32100
2015-12-02,6.94,6.94,6.94,6.94,28600
2015-12-03,6.89,6.89,6.89,6.89,5600
2015-12-04,6.89,6.89,6.89,6.89,9700
2015-12-07,6.89,6.89,6.89,6.89,46400
2015-12-08,6.89,6.89,6.89,6.89,6500
2015-12-09,6.89,6.89,6.89,6.89,10050
2015-12-10,6.89,6.94,6.89,6.89,20000
2015-12-11,6.89,6.89,6.89,6.89,0
2015-12-14,6.73,7.19,6.73,7.19,9800
2015-12-15,6.89,6.89,6.89,6.89,100
2015-12-16,6.99,7.09,6.99,7.09,7200
2015-12-17,7.09,7.14,6.99,7.04,10200
2015-12-18,7.14,7.14,6.89,7.04,12200
2015-12-21,7.14,7.35,7.14,7.35,1100
2015-12-22,7.14,7.14,6.99,6.99,4100
2015-12-23,7.14,7.35,6.94,7.09,17900
2015-12-24,7.14,7.35,7.14,7.14,9000
2015-12-25,7.14,7.35,6.94,6.94,4900
2015-12-28,6.94,7.14,6.94,7.09,382250
2015-12-29,7.09,7.14,7.09,7.14,123100
2015-12-30,7.24,7.24,7.24,7.24,100
2015-12-31,7.24,7.91,7.24,7.91,37800
2016-01-04,7.75,7.75,7.65,7.65,1300
2016-01-05,8.16,8.16,7.45,7.45,600
2016-01-06,7.4,7.45,7.4,7.45,28400
2016-01-07,7.45,7.45,7.45,7.45,18600
2016-01-08,7.45,7.45,7.24,7.45,20200
2016-01-11,7.45,7.45,7.45,7.45,0
2016-01-12,7.45,7.45,7.45,7.45,0
2016-01-13,7.4,7.4,7.4,7.4,100
2016-01-14,7.29,8.11,7.09,8.11,45900
2016-01-15,8.16,8.16,8.06,8.06,600
2016-01-18,7.4,7.4,7.35,7.4,10500
2016-01-19,7.4,7.4,7.4,7.4,1000
2016-01-20,7.55,7.55,7.4,7.4,108000
2016-01-21,7.29,7.29,7.29,7.29,6800
2016-01-22,7.14,7.29,6.89,7.29,10100
2016-01-25,7.29,7.29,7.29,7.29,0
2016-01-26,7.29,7.29,7.29,7.29,0
2016-01-27,7.29,7.29,7.29,7.29,1500
2016-01-28,7.29,7.29,7.29,7.29,0
2016-01-29,7.29,7.29,7.29,7.29,0
2016-02-01,7.29,7.29,7.29,7.29,0
2016-02-02,7.29,7.29,7.29,7.29,0
2016-02-03,7.09,7.24,7.09,7.09,43500
2016-02-04,7.14,7.14,7.14,7.14,13400
2016-02-05,7.09,7.09,7.09,7.09,400
2016-02-15,7.14,7.14,6.94,6.94,2500
2016-02-16,6.94,7.09,6.94,7.09,9400
2016-02-17,7.09,7.14,7.09,7.14,269828
2016-02-18,7.14,7.14,7.14,7.14,600
2016-02-19,7.14,7.19,7.14,7.19,2300
2016-02-22,7.55,7.91,7.24,7.24,26000
2016-02-23,7.24,7.24,7.24,7.24,500
2016-02-24,7.29,7.29,7.24,7.29,14400
2016-02-25,7.14,7.14,7.14,7.14,2800
2016-02-26,7.09,7.19,7.09,7.19,12400
2016-02-29,7.14,7.19,7.14,7.19,4100
2016-03-01,7.09,7.19,7.09,7.19,10700
2016-03-02,7.19,7.19,7.19,7.19,10000
2016-03-03,7.24,7.24,7.24,7.24,4150
2016-03-04,7.19,7.24,7.19,7.24,6500
2016-03-07,7.24,7.24,7.24,7.24,0
2016-03-08,7.24,7.24,7.19,7.19,37522
2016-03-09,7.14,7.86,7.14,7.86,90140
2016-03-10,7.86,7.86,7.86,7.86,38
2016-03-11,7.4,7.4,7.4,7.4,4010
2016-03-14,7.4,7.4,7.4,7.4,0
2016-03-15,7.29,7.29,7.24,7.24,6600
2016-03-16,7.19,7.24,7.19,7.24,23012
2016-03-17,7.24,7.24,7.24,7.24,0
2016-03-18,7.29,7.29,7.29,7.29,9000
2016-03-21,7.29,7.29,7.29,7.29,0
2016-03-22,7.4,7.4,7.4,7.4,10200
2016-03-23,7.4,7.4,7.4,7.4,12000
2016-03-24,7.4,7.4,7.4,7.4,6500
2016-03-25,7.4,7.5,7.4,7.45,175000
2016-03-28,7.4,7.4,7.4,7.4,1070
2016-03-29,7.4,7.4,7.4,7.4,10
2016-03-30,7.4,7.4,7.4,7.4,1030
2016-03-31,7.4,7.4,7.4,7.4,100
2016-04-01,7.4,7.4,7.4,7.4,300
2016-04-04,7.45,7.91,7.45,7.91,26000
2016-04-05,7.65,7.65,7.65,7.65,110100
2016-04-06,7.65,7.65,7.65,7.65,10
2016-04-07,7.65,7.65,7.65,7.65,0
2016-04-08,7.65,7.65,7.65,7.65,240
2016-04-11,7.65,7.65,7.65,7.65,45200
2016-04-12,7.65,7.65,7.65,7.65,36500
2016-04-13,7.65,7.65,7.65,7.65,0
2016-04-14,7.7,8.42,7.7,8.42,4100
2016-04-15,8.16,8.16,8.16,8.16,200
2016-04-19,8.16,8.16,8.16,8.16,25010
2016-04-20,8.16,8.16,8.16,8.16,0
2016-04-21,8.42,8.42,8.42,8.42,100
2016-04-22,7.8,7.8,7.8,7.8,100
2016-04-25,7.8,8.42,7.04,8.16,19300
2016-04-26,8.37,8.42,8.16,8.21,220540
2016-04-27,8.16,8.42,8.16,8.21,20300
2016-04-28,8.16,8.16,8.11,8.11,3000
2016-04-29,8.42,8.42,8.42,8.42,3000
2016-05-04,8.42,8.42,8.42,8.42,0
2016-05-05,8.37,8.37,8.16,8.16,18000
2016-05-06,8.16,8.16,8.11,8.11,45500
2016-05-09,8.11,8.21,8.11,8.16,12200
2016-05-10,8.16,8.16,8.16,8.16,3000
2016-05-11,8.16,8.16,8.16,8.16,0
2016-05-12,8.21,8.21,8.16,8.16,6800
2016-05-13,8.42,8.62,8.42,8.62,544100
2016-05-16,8.62,8.82,8.62,8.72,757600
2016-05-17,8.72,9.18,8.67,8.82,547800
2016-05-18,8.82,8.82,8.16,8.16,3200
2016-05-19,8.67,8.67,8.67,8.67,200
2016-05-20,8.47,8.47,8.47,8.47,390
2016-05-23,8.47,8.47,8.47,8.47,1110
2016-05-24,8.01,8.01,8.01,8.01,1000
2016-05-25,8.01,8.01,8.01,8.01,0
2016-05-26,8.16,8.77,8.16,8.77,5500
2016-05-27,8.77,8.77,8.77,8.77,0
2016-05-30,8.21,8.21,8.21,8.21,100
2016-05-31,8.67,8.67,8.67,8.67,100
2016-06-01,8.42,8.67,8.21,8.67,25200
2016-06-02,9.18,9.18,8.16,8.93,1500
2016-06-03,8.93,8.93,8.93,8.93,0
2016-06-06,8.21,8.93,8.21,8.93,2980
2016-06-07,8.26,8.26,8.21,8.21,2020
2016-06-08,8.31,8.31,8.31,8.31,4900
2016-06-09,8.21,8.31,8.21,8.31,15500
2016-06-10,8.21,8.21,8.21,8.21,1000
2016-06-13,7.7,8.42,7.65,8.42,2900
2016-06-14,8.42,8.42,8.42,8.42,0
2016-06-15,8.16,8.16,8.16,8.16,1000
2016-06-16,8.57,8.57,8.57,8.57,1000
2016-06-17,8.88,8.88,8.88,8.88,100
2016-06-20,8.88,8.93,8.88,8.93,1300
2016-06-21,8.93,8.93,8.93,8.93,0
2016-06-22,8.93,8.93,8.93,8.93,0
2016-06-23,8.52,8.52,8.52,8.52,100
2016-06-24,8.52,8.52,8.52,8.52,0
2016-06-27,9.23,9.23,9.23,9.23,200
2016-06-28,9.23,9.23,9.23,9.23,0
2016-06-29,9.23,9.23,9.23,9.23,0
2016-06-30,9.23,10.11,9.23,9.34,600
2016-07-01,8.79,9.34,8.79,9.34,1100
2016-07-04,9.34,9.34,9.34,9.34,0
2016-07-05,9.34,9.34,9.34,9.34,0
2016-07-06,8.41,8.79,8.41,8.79,52000
2016-07-07,8.79,8.79,8.79,8.79,0
2016-07-08,8.79,8.79,8.79,8.79,4620
2016-07-11,8.79,8.79,8.79,8.79,0
2016-07-12,8.79,8.79,8.79,8.79,0
2016-07-13,8.79,8.79,8.79,8.79,2100
2016-07-14,8.79,8.79,8.79,8.79,0
2016-07-15,9.07,9.07,9.07,9.07,200
2016-07-18,9.07,9.07,9.07,9.07,0
2016-07-19,8.24,8.24,8.24,8.24,260
2016-07-20,9.07,9.07,9.07,9.07,100
2016-07-21,9.07,9.07,9.07,9.07,0
2016-07-22,8.41,8.41,8.41,8.41,100
2016-07-25,8.24,8.9,7.58,8.9,1850
2016-07-26,8.9,8.9,8.9,8.9,0
2016-07-27,8.96,9.12,8.96,9.12,309
2016-07-28,9.12,9.12,9.07,9.07,1220
2016-07-29,8.52,8.79,8.19,8.79,123100
2016-08-01,8.52,8.52,8.52,8.52,2000
2016-08-02,8.9,8.9,8.02,8.9,648
2016-08-03,8.13,8.9,8.02,8.9,24718
2016-08-04,8.02,8.9,8.02,8.9,33419
2016-08-05,8.9,8.9,8.9,8.9,0
2016-08-08,8.02,8.46,8.02,8.46,27140
2016-08-09,8.24,8.24,8.24,8.24,23800
2016-08-10,8.41,8.41,8.41,8.41,100
2016-08-11,8.63,8.63,8.41,8.46,3600
2016-08-12,8.24,8.41,8.24,8.41,1360
2016-08-15,8.46,8.46,8.41,8.41,4600
2016-08-16,8.24,8.41,8.24,8.41,6400
2016-08-17,8.24,8.41,8.24,8.41,200
2016-08-18,8.35,8.41,8.35,8.41,3100
2016-08-19,8.35,8.35,8.35,8.35,800
2016-08-22,8.41,8.41,8.41,8.41,200
2016-08-23,8.3,8.35,8.3,8.35,9200
2016-08-24,8.35,8.35,8.35,8.35,0
2016-08-25,8.35,8.35,8.35,8.35,100
2016-08-26,8.35,8.35,8.35,8.35,0
2016-08-29,8.3,8.3,8.3,8.3,4000
2016-08-30,8.24,8.3,8.24,8.3,61600
2016-08-31,8.3,8.3,8.3,8.3,13
2016-09-01,8.3,8.3,8.3,8.3,0
2016-09-05,8.3,8.3,8.3,8.3,0
2016-09-06,8.52,8.52,8.52,8.52,100
2016-09-07,8.52,8.52,8.52,8.52,300
2016-09-08,8.52,8.52,8.52,8.52,0
2016-09-09,8.46,8.52,8.46,8.52,1700
2016-09-12,8.52,8.52,8.52,8.52,0
2016-09-13,8.52,8.52,8.52,8.52,0
2016-09-14,8.52,8.52,8.52,8.52,0
2016-09-15,8.52,8.52,8.3,8.46,3100
2016-09-16,8.3,8.46,8.24,8.46,4400
2016-09-19,8.46,8.46,8.46,8.46,0
2016-09-20,8.35,8.46,8.35,8.46,200
2016-09-21,8.24,8.35,8.24,8.24,17000
2016-09-22,8.24,8.24,8.24,8.24,174952
2016-09-23,8.24,8.24,8.24,8.24,5000
2016-09-26,8.24,8.24,8.24,8.24,0
2016-09-27,8.24,8.24,8.24,8.24,33300
2016-09-28,8.24,8.24,8.24,8.24,1000
2016-09-29,8.24,8.24,8.24,8.24,5600
2016-09-30,8.24,8.24,8.24,8.24,14400
2016-10-03,8.24,8.24,8.24,8.24,12000
2016-10-04,8.24,8.24,8.24,8.24,29000
2016-10-05,8.24,8.24,8.24,8.24,2080
2016-10-06,8.24,8.24,8.24,8.24,0
2016-10-07,8.24,8.79,8.24,8.79,3100
2016-10-10,8.35,8.35,8.3,8.35,6120
2016-10-11,8.35,8.35,8.3,8.3,21400
2016-10-12,8.24,8.24,8.24,8.24,8316
2016-10-13,8.13,8.24,8.08,8.24,5905
2016-10-14,9.07,9.07,9.07,9.07,106
2016-10-17,9.07,9.07,9.07,9.07,0
2016-10-18,9.07,9.07,9.07,9.07,0
2016-10-19,8.3,8.9,8.3,8.9,300
2016-10-20,8.9,8.9,8.9,8.9,0
2016-10-21,8.41,8.41,8.41,8.41,1600
2016-10-24,8.79,8.79,8.79,8.79,100
2016-10-25,8.52,8.52,8.52,8.52,7300
2016-10-26,8.79,8.79,8.79,8.79,100
2016-10-27,8.79,8.79,8.79,8.79,0
2016-10-28,8.79,8.79,8.79,8.79,0
2016-10-31,8.3,8.79,8.3,8.79,4300
2016-11-01,8.79,8.79,8.79,8.79,0
2016-11-02,8.79,8.79,8.79,8.79,0
2016-11-03,8.63,8.63,8.63,8.63,60000
2016-11-04,8.63,8.63,8.63,8.63,0
2016-11-07,8.3,8.3,8.3,8.3,500
2016-11-08,8.3,8.3,8.3,8.3,754
2016-11-09,8.41,8.41,8.41,8.41,1066
2016-11-10,8.41,8.41,8.41,8.41,20000
2016-11-11,8.41,8.41,8.41,8.41,10000
2016-11-14,8.41,8.68,8.41,8.68,9200
2016-11-15,8.3,8.74,8.3,8.74,1850
2016-11-16,8.74,8.74,8.74,8.74,70
2016-11-17,8.41,8.79,8.41,8.79,5600
2016-11-18,8.79,8.79,8.79,8.79,0
2016-11-21,8.74,8.74,8.74,8.74,100
2016-11-22,8.74,8.74,8.74,8.74,48
2016-11-23,8.74,8.74,8.74,8.74,100
2016-11-24,8.74,8.74,8.74,8.74,100
2016-11-25,8.74,8.74,8.74,8.74,0
2016-11-28,8.41,8.41,8.41,8.41,810
2016-11-29,8.41,8.41,8.41,8.41,0
2016-11-30,8.68,8.68,8.68,8.68,1000
2016-12-01,8.68,8.68,8.68,8.68,0
2016-12-02,8.68,8.68,8.68,8.68,0
2016-12-05,8.68,8.68,8.68,8.68,0
2016-12-06,8.68,8.68,8.68,8.68,0
2016-12-07,8.68,8.68,8.68,8.68,0
2016-12-08,8.68,8.68,8.52,8.52,2500
2016-12-09,8.52,8.79,8.52,8.79,15200
2016-12-12,8.52,8.52,8.08,8.08,106900
2016-12-13,8.52,8.52,8.52,8.52,100
2016-12-14,8.52,8.52,8.52,8.52,0
2016-12-15,8.52,8.52,8.52,8.52,0
2016-12-16,8.52,8.52,8.52,8.52,3000
2016-12-19,8.46,8.46,8.46,8.46,300
2016-12-20,8.52,8.52,8.52,8.52,5000
2016-12-21,8.52,8.52,8.52,8.52,4200
2016-12-22,8.52,8.52,8.52,8.52,3000
2016-12-23,8.52,8.52,8.52,8.52,0
2016-12-26,8.46,8.52,8.46,8.52,6600
2016-12-27,8.52,8.52,8.52,8.52,1800
2016-12-28,8.85,8.85,8.85,8.85,200
2016-12-29,8.63,8.63,8.63,8.63,1500
2016-12-30,9.45,9.45,9.45,9.45,7400
2017-01-03,8.63,8.63,8.57,8.57,14000
2017-01-04,8.57,8.57,8.52,8.57,6000
2017-01-05,8.57,8.57,8.57,8.57,3000
2017-01-06,8.57,8.57,8.52,8.52,1100
2017-01-09,8.57,8.63,8.57,8.63,6700
2017-01-10,8.63,8.63,8.63,8.63,27300
2017-01-11,8.63,8.63,8.63,8.63,1000
2017-01-12,8.68,8.68,8.68,8.68,1000
2017-01-13,8.63,8.68,8.63,8.68,10200
2017-01-16,8.68,8.68,8.68,8.68,11200
2017-01-17,8.68,8.68,8.63,8.68,9400
2017-01-18,8.68,8.68,8.68,8.68,20700
2017-01-19,8.68,8.68,8.68,8.68,5100
2017-01-20,8.68,8.68,8.68,8.68,700
2017-01-23,8.68,8.68,8.68,8.68,17900
2017-01-24,8.52,8.52,8.52,8.52,900
2017-01-25,8.63,8.79,8.63,8.79,1300
2017-02-02,8.79,8.79,8.79,8.79,0
2017-02-03,8.79,8.79,8.79,8.79,0
2017-02-06,8.79,8.79,8.79,8.79,0
2017-02-07,8.85,8.85,8.79,8.79,3860
2017-02-08,8.96,8.96,8.9,8.9,100170
2017-02-09,8.9,8.9,8.9,8.9,0
2017-02-10,8.79,8.79,8.79,8.79,100
2017-02-13,8.68,8.9,8.68,8.9,54000
2017-02-14,8.9,8.9,8.9,8.9,0
2017-02-15,8.68,8.9,8.68,8.9,15200
2017-02-16,8.9,8.9,8.9,8.9,0
2017-02-17,8.85,8.85,8.68,8.68,2400
2017-02-20,8.79,8.79,8.79,8.79,19500
2017-02-21,8.79,8.79,8.79,8.79,5060
2017-02-22,8.79,8.79,8.79,8.79,1100
2017-02-23,8.79,8.79,8.79,8.79,0
2017-02-24,8.68,8.68,8.68,8.68,100
2017-02-27,8.57,8.68,8.57,8.68,2130
2017-02-28,8.68,8.68,8.68,8.68,40
2017-03-01,8.68,8.68,8.68,8.68,1000
2017-03-02,8.79,8.79,8.79,8.79,2000
2017-03-03,8.68,8.68,8.68,8.68,101
2017-03-06,8.68,8.68,8.68,8.68,0
2017-03-07,8.68,8.68,8.68,8.68,0
2017-03-08,8.68,8.68,8.68,8.68,1
2017-03-09,8.68,8.68,8.68,8.68,2700
2017-03-10,8.68,8.68,8.68,8.68,0
2017-03-13,8.68,8.68,8.68,8.68,1600
2017-03-14,8.68,8.68,8.68,8.68,0
2017-03-15,8.79,8.79,8.79,8.79,1010
2017-03-16,9.4,9.4,9.4,9.4,118
2017-03-17,9.18,9.23,9.18,9.23,220
2017-03-20,9.23,9.23,9.23,9.23,0
2017-03-21,9.23,9.23,9.23,9.23,80
2017-03-22,9.23,9.23,9.23,9.23,66
2017-03-23,8.85,8.85,8.85,8.85,100
2017-03-24,8.41,8.41,8.41,8.41,100
2017-03-27,8.79,8.79,8.79,8.79,1000
2017-03-28,8.79,8.79,8.79,8.79,0
2017-03-29,8.79,8.79,8.79,8.79,0
2017-03-30,8.79,8.79,8.79,8.79,4900
2017-03-31,8.79,8.79,8.79,8.79,2000
2017-04-03,9.23,9.23,8.79,8.85,84500
2017-04-04,8.85,8.85,8.85,8.85,0
2017-04-05,8.9,8.96,8.9,8.96,7966
2017-04-07,8.85,8.85,8.85,8.85,1600
2017-04-10,8.85,8.85,8.85,8.85,0
2017-04-11,8.85,8.85,8.79,8.85,24400
2017-04-12,8.85,8.85,8.85,8.85,300
2017-04-13,8.9,8.9,8.9,8.9,960
2017-04-14,8.9,8.9,8.9,8.9,8100
2017-04-17,8.9,8.9,8.9,8.9,0
2017-04-18,8.85,8.85,8.85,8.85,520
2017-04-19,8.85,8.85,8.85,8.85,30000
2017-04-20,8.85,8.85,8.85,8.85,0
2017-04-21,8.79,8.85,8.79,8.85,2500
2017-04-24,8.85,8.85,8.85,8.85,46
2017-04-25,8.9,8.9,8.85,8.85,2800
2017-04-26,8.85,8.85,8.85,8.85,0
2017-04-27,8.85,8.85,8.85,8.85,8800
2017-04-28,8.85,8.85,8.85,8.85,4000
2017-05-03,9.01,9.07,9.01,9.07,7000
2017-05-04,9.34,9.34,9.34,9.34,1000
2017-05-05,9.34,9.34,9.34,9.34,0
2017-05-08,8.96,8.96,8.96,8.96,2000
2017-05-09,9.07,9.07,9.07,9.07,320
2017-05-10,9.07,9.07,9.07,9.07,0
2017-05-11,9.07,9.07,9.07,9.07,0
2017-05-12,9.34,9.34,9.34,9.34,200
2017-05-15,9.07,9.07,9.07,9.07,1100
2017-05-16,9.07,9.07,9.07,9.07,2100
2017-05-17,9.07,9.12,9.07,9.12,5300
2017-05-18,9.12,9.12,9.12,9.12,200
2017-05-19,9.34,9.4,9.34,9.4,4100
2017-05-22,9.45,9.45,9.45,9.45,28000
2017-05-23,9.12,9.12,9.12,9.12,526
2017-05-24,9.12,9.12,9.12,9.12,500
2017-05-25,9.29,9.29,9.29,9.29,1000
2017-05-26,9.29,9.29,9.29,9.29,0
2017-05-29,9.45,9.45,9.45,9.45,5000
2017-05-30,9.29,9.29,9.29,9.29,1000
2017-05-31,9.29,9.29,9.29,9.29,4000
2017-06-01,9.34,9.34,9.34,9.34,5000
2017-06-02,9.34,9.34,9.07,9.07,6200
2017-06-05,9.07,9.07,8.9,8.9,2200
2017-06-06,8.96,8.96,8.96,8.96,3400
2017-06-07,8.96,8.96,8.96,8.96,0
2017-06-08,9.23,9.62,9.23,9.62,4200
2017-06-09,9.62,9.62,9.62,9.62,1400
2017-06-12,9.62,9.62,9.62,9.62,4000
2017-06-13,9.62,9.62,9.62,9.62,6800
2017-06-14,9.62,9.62,9.56,9.62,8200
2017-06-15,9.62,9.62,9.62,9.62,3200
2017-06-16,10.33,10.33,10.33,10.33,100
2017-06-19,10.39,10.39,10.39,10.39,200
2017-06-20,10.39,10.39,10.39,10.39,0
2017-06-21,9.62,9.62,9.45,9.45,2200
2017-06-22,9.56,9.56,9.45,9.45,10000
2017-06-23,9.51,9.89,9.51,9.89,3500
2017-06-26,9.89,10.0,9.89,10.0,1000
2017-06-27,10.11,10.11,9.62,10.0,7000
2017-06-28,10.0,10.11,10.0,10.0,38497
2017-06-29,10.39,10.94,10.39,10.94,700
2017-06-30,10.22,10.72,10.22,10.66,10700
2017-07-03,10.72,10.72,10.55,10.72,1000
2017-07-04,10.44,10.72,10.44,10.72,5000
2017-07-05,10.72,10.72,10.72,10.72,5500
2017-07-06,10.83,11.76,10.5,11.49,14620
2017-07-07,12.12,12.12,12.12,12.12,1000
2017-07-10,12.3,12.3,11.6,11.6,1900
2017-07-11,10.44,11.78,10.44,11.78,2400
2017-07-12,11.78,11.89,11.6,11.89,4500
2017-07-13,11.89,12.18,11.02,12.01,4300
2017-07-14,11.31,11.89,10.91,11.6,7707
2017-07-17,11.02,11.6,11.02,11.43,6800
2017-07-18,10.44,11.31,10.44,11.31,1100
2017-07-19,11.31,11.95,11.31,11.54,1400
2017-07-20,11.72,11.72,11.31,11.6,2100
2017-07-21,11.6,11.6,11.6,11.6,200
2017-07-24,11.6,11.6,10.67,10.67,2500
2017-07-25,10.67,11.31,10.67,11.31,1000
2017-07-26,11.31,11.6,11.08,11.08,5120
2017-07-27,11.6,11.6,11.6,11.6,200
2017-07-28,11.6,11.83,11.6,11.83,200
2017-07-31,12.3,12.3,11.31,11.6,3300
2017-08-01,11.6,11.6,11.6,11.6,0
2017-08-02,11.6,11.6,11.6,11.6,800
2017-08-03,11.6,11.6,11.6,11.6,1055
2017-08-04,11.25,12.53,11.25,11.6,2300
2017-08-07,11.37,11.6,11.37,11.54,47600
2017-08-08,11.54,11.54,11.54,11.54,14
2017-08-09,11.08,11.08,11.08,11.08,100
2017-08-10,11.6,11.6,11.2,11.2,1200
2017-08-11,11.54,11.6,11.54,11.6,300
2017-08-14,11.54,11.6,11.54,11.6,300
2017-08-15,11.6,11.6,11.02,11.31,9700
2017-08-16,11.02,11.31,11.02,11.02,20300
2017-08-17,11.31,11.31,11.31,11.31,300
2017-08-18,11.31,11.54,10.56,11.54,6500
2017-08-21,11.54,11.54,11.31,11.31,400
2017-08-22,11.31,11.31,11.02,11.02,3300
2017-08-23,11.6,11.6,11.6,11.6,300
2017-08-24,11.02,11.31,11.02,11.31,2900
2017-08-25,11.31,11.31,11.31,11.31,0
2017-08-28,11.54,11.6,11.31,11.6,36800
2017-08-29,11.6,11.6,11.02,11.31,9700
2017-08-30,11.54,11.54,11.54,11.54,300
2017-08-31,11.54,11.54,11.2,11.2,1040
2017-09-01,11.54,11.54,11.54,11.54,200
2017-09-05,11.54,12.47,11.54,12.47,700
2017-09-06,12.47,12.47,12.47,12.47,0
2017-09-07,12.41,12.41,12.41,12.41,200
2017-09-08,12.18,12.36,12.18,12.36,300
2017-09-11,12.36,12.36,12.36,12.36,31
2017-09-12,12.36,12.36,12.36,12.36,0
2017-09-13,12.36,12.36,12.36,12.36,300
2017-09-14,12.36,12.36,12.36,12.36,300
2017-09-15,12.36,12.36,12.36,12.36,0
2017-09-18,12.36,12.36,12.36,12.36,300
2017-09-19,12.3,12.36,12.3,12.36,300
2017-09-20,12.36,12.36,12.36,12.36,400
2017-09-21,12.36,12.36,12.36,12.36,0
2017-09-22,12.36,12.36,12.36,12.36,0
2017-09-25,11.6,11.6,11.6,11.6,900
2017-09-26,11.31,11.6,11.31,11.6,15400
2017-09-27,11.6,12.18,11.6,12.18,82600
2017-09-28,12.36,12.47,11.89,11.89,400
2017-09-29,12.3,12.3,11.6,11.6,1000
2017-10-02,12.3,12.3,11.66,11.66,900
2017-10-03,11.66,12.01,11.6,12.01,791
2017-10-04,12.3,12.3,12.07,12.07,11000
2017-10-05,12.3,12.3,11.95,11.95,643
2017-10-06,12.36,12.36,11.95,11.95,2500
2017-10-09,12.18,12.18,11.72,11.72,600
2017-10-10,11.78,11.89,11.78,11.89,11100
2017-10-11,12.07,12.07,11.66,11.66,9100
2017-10-12,11.66,11.95,11.66,11.78,2660
2017-10-13,11.95,11.95,11.78,11.78,32100
2017-10-16,11.95,11.95,11.95,11.95,500
2017-10-17,12.12,12.18,11.95,11.95,3800
2017-10-18,12.01,12.01,11.95,11.95,10000
2017-10-19,12.18,12.18,12.18,12.18,39400
2017-10-20,12.18,12.18,12.01,12.01,12260
2017-10-23,11.89,12.18,11.6,11.6,93264
2017-10-24,11.95,12.24,11.95,12.24,21300
2017-10-25,12.18,12.36,12.18,12.24,3400
2017-10-26,12.36,12.36,12.36,12.36,4200
2017-10-27,12.24,12.36,12.24,12.36,6138
2017-10-30,12.36,12.36,12.36,12.36,2002
2017-10-31,12.24,12.36,12.24,12.36,10500
2017-11-01,12.36,12.47,11.78,12.24,8200
2017-11-02,12.76,13.46,12.76,13.46,2600
2017-11-03,14.1,14.79,13.92,14.5,2700
2017-11-06,15.26,15.66,15.08,15.08,1200
2017-11-07,15.08,15.66,15.08,15.66,500
2017-11-08,14.1,14.1,14.1,14.1,100
2017-11-09,14.04,15.49,12.7,12.76,36700
2017-11-10,13.92,14.04,11.89,13.92,22410
2017-11-13,14.56,14.56,12.7,12.7,400
2017-11-14,13.92,13.92,12.18,12.76,980
2017-11-15,12.3,12.3,12.3,12.3,264
2017-11-16,13.34,13.46,12.36,12.36,440
2017-11-17,13.57,13.57,12.76,12.76,890
2017-11-20,13.57,13.81,13.57,13.81,760
2017-11-21,12.7,12.7,12.7,12.7,100
2017-11-22,12.47,13.92,12.47,13.92,18400
2017-11-23,14.79,14.79,13.69,13.92,1100
2017-11-24,12.65,12.65,12.65,12.65,180
2017-11-27,13.86,13.86,12.47,12.47,400
2017-11-28,12.76,13.69,12.3,12.76,5500
2017-11-29,13.92,13.92,12.7,12.7,400
2017-11-30,12.76,12.99,12.76,12.99,29800
2017-12-01,14.21,14.21,13.34,13.34,400
2017-12-04,13.81,14.5,12.65,12.65,1600
2017-12-05,13.57,13.57,12.65,12.82,6920
2017-12-06,13.57,13.57,12.76,12.76,8100
2017-12-07,12.76,12.76,12.76,12.76,0
2017-12-08,13.05,13.05,13.05,13.05,405
2017-12-11,13.05,13.4,13.05,13.4,3900
2017-12-12,12.53,13.34,12.53,13.34,300
2017-12-13,12.59,12.59,12.59,12.59,100
2017-12-14,13.28,13.28,12.65,12.65,400
2017-12-15,13.28,13.28,12.7,12.7,500
2017-12-18,12.88,13.05,12.53,13.05,830
2017-12-19,13.46,13.46,12.59,12.59,1600
2017-12-20,12.94,12.94,12.59,12.59,414
2017-12-21,12.88,12.88,12.47,12.47,600
2017-12-22,12.65,12.65,12.65,12.65,900
2017-12-25,12.36,12.94,12.18,12.59,2720
2017-12-26,12.94,12.94,12.41,12.41,4300
2017-12-27,12.53,12.53,12.53,12.53,100
2017-12-28,12.36,12.36,12.3,12.3,2000
2017-12-29,12.99,12.99,12.99,12.99,1200
2018-01-02,12.18,12.18,12.18,12.18,100
2018-01-03,13.11,13.11,12.12,13.11,800
2018-01-04,12.94,12.94,12.94,12.94,1300
2018-01-05,12.99,12.99,12.76,12.94,17160
2018-01-08,12.12,12.12,12.12,12.12,100
2018-01-09,12.88,12.88,12.01,12.01,2500
2018-01-10,12.76,13.11,12.76,13.11,6000
2018-01-11,12.3,12.3,12.3,12.3,100
2018-01-12,12.3,12.3,12.3,12.3,0
2018-01-15,13.52,13.52,13.52,13.52,1100
2018-01-16,13.52,13.52,13.52,13.52,4001
2018-01-17,13.52,13.52,13.52,13.52,18500
2018-01-18,13.52,14.39,13.52,14.39,8500
2018-01-19,14.39,14.56,13.4,14.56,2400
2018-01-22,13.63,13.63,13.34,13.34,2400
2018-01-23,13.05,13.05,13.05,13.05,100
2018-01-24,13.05,13.05,13.05,13.05,0
2018-01-25,14.33,14.33,12.94,12.94,2000
2018-01-26,12.24,12.99,12.18,12.99,29760
2018-01-29,12.99,12.99,12.99,12.99,2000
2018-01-30,13.92,13.92,13.05,13.05,300
2018-01-31,14.15,14.21,13.05,14.21,11700
2018-02-01,13.05,15.26,13.05,15.26,41100
2018-02-02,13.81,15.49,13.81,15.49,2200
2018-02-05,13.98,13.98,13.98,13.98,100
2018-02-06,13.05,13.05,13.05,13.05,27500
2018-02-07,13.05,13.05,13.05,13.05,5000
2018-02-08,13.05,13.05,13.05,13.05,148
2018-02-09,13.05,13.05,13.05,13.05,5100
2018-02-12,13.05,14.33,13.05,14.33,7400
2018-02-13,15.66,15.66,13.17,13.34,3900
2018-02-21,14.21,14.21,13.17,13.34,4559
2018-02-22,13.63,13.63,13.63,13.63,300
2018-02-23,13.63,13.63,13.63,13.63,10000
2018-02-26,13.34,13.63,13.34,13.63,3100
2018-02-27,13.63,13.63,13.4,13.4,1000
2018-02-28,13.17,13.63,13.17,13.4,400
2018-03-01,13.63,13.63,13.17,13.17,21200
2018-03-02,13.17,13.17,13.17,13.17,0
2018-03-05,13.17,13.17,13.17,13.17,0
2018-03-06,13.4,13.63,13.4,13.4,1732
2018-03-07,12.88,13.05,12.88,13.05,964
2018-03-08,13.05,13.05,13.05,13.05,0
2018-03-09,12.94,12.94,12.94,12.94,100
2018-03-12,12.94,12.94,12.94,12.94,0
2018-03-13,12.94,12.94,12.94,12.94,0
2018-03-14,12.94,12.94,12.94,12.94,0
2018-03-15,12.94,12.94,12.94,12.94,14
2018-03-16,12.94,12.94,12.94,12.94,0
2018-03-19,12.94,12.94,12.94,12.94,0
2018-03-20,12.94,12.94,12.94,12.94,0
2018-03-21,13.34,13.34,13.05,13.34,11200
2018-03-22,13.34,13.34,13.34,13.34,0
2018-03-23,13.34,13.34,13.34,13.34,118200
2018-03-26,12.94,12.94,12.94,12.94,112
2018-03-27,12.94,12.94,12.94,12.94,0
2018-03-28,12.94,12.94,12.94,12.94,0
2018-03-29,12.94,12.94,12.94,12.94,0
2018-03-30,12.94,12.94,12.94,12.94,0
2018-04-02,12.94,12.94,12.94,12.94,0
2018-04-03,12.94,12.94,12.94,12.94,0
2018-04-04,13.05,13.05,13.05,13.05,10490
2018-04-05,12.76,12.76,12.76,12.76,100
2018-04-06,12.76,12.76,12.76,12.76,0
2018-04-09,13.34,13.34,13.34,13.34,1000
2018-04-10,14.21,14.21,12.3,12.3,400
2018-04-11,13.05,13.34,13.05,13.34,500
2018-04-12,12.24,13.34,12.24,13.34,600
2018-04-13,13.34,13.34,13.05,13.05,230200
2018-04-16,13.34,13.34,13.34,13.34,371300
2018-04-17,12.76,12.76,12.76,12.76,200
2018-04-18,12.76,12.76,12.76,12.76,0
2018-04-19,13.34,13.34,13.34,13.34,5000
2018-04-20,13.34,13.34,13.34,13.34,0
2018-04-23,13.34,13.34,13.34,13.34,0
2018-04-24,13.17,13.63,13.17,13.63,3300
2018-04-26,13.34,13.63,13.11,13.11,3200
2018-04-27,13.63,13.63,12.82,12.82,1100
2018-05-02,13.63,13.63,13.34,13.34,128400
2018-05-03,13.34,13.34,13.05,13.34,94600
2018-05-04,13.34,13.34,13.34,13.34,0
2018-05-07,14.21,14.21,14.21,14.21,100
2018-05-08,15.61,15.61,12.94,12.94,500
2018-05-09,13.34,13.34,13.34,13.34,95600
2018-05-10,13.34,13.34,12.3,12.3,45100
2018-05-11,12.3,12.3,12.3,12.3,0
2018-05-14,13.05,13.05,13.05,13.05,500
2018-05-15,13.05,13.05,13.05,13.05,0
2018-05-16,13.63,13.63,12.82,12.82,300
2018-05-17,12.82,12.82,12.82,12.82,0
2018-05-18,12.82,12.82,12.82,12.82,0
2018-05-21,12.82,12.82,12.82,12.82,0
2018-05-22,11.95,11.95,11.95,11.95,210
2018-05-23,11.43,11.43,11.43,11.43,100
2018-05-24,12.53,12.53,12.53,12.53,300
2018-05-25,12.76,12.76,12.76,12.76,200
2018-05-28,12.76,12.76,12.76,12.76,0
2018-05-29,12.76,12.76,12.76,12.76,0
2018-05-30,12.76,12.76,12.76,12.76,0
2018-05-31,12.76,12.76,12.76,12.76,0
2018-06-01,12.76,12.76,12.76,12.76,0
2018-06-04,12.76,12.76,12.76,12.76,3625
2018-06-05,13.54,13.54,13.54,13.54,900
2018-06-06,13.54,13.54,13.54,13.54,0
2018-06-07,13.78,13.78,13.78,13.78,6000
2018-06-08,13.78,13.84,13.78,13.84,4200
2018-06-11,13.84,13.84,13.84,13.84,0
2018-06-12,13.18,13.78,13.18,13.78,32600
2018-06-13,13.78,13.78,13.78,13.78,0
2018-06-14,13.78,13.78,13.78,13.78,0
2018-06-15,13.78,13.78,13.78,13.78,0
2018-06-18,13.78,13.78,13.78,13.78,0
2018-06-19,13.78,13.78,13.78,13.78,0
2018-06-20,13.78,13.78,13.78,13.78,0
2018-06-21,13.78,13.78,13.78,13.78,0
2018-06-22,13.78,13.78,13.78,13.78,0
2018-06-25,13.78,13.78,13.78,13.78,45
2018-06-26,12.7,12.88,12.64,12.88,5000
2018-06-27,12.88,12.88,12.88,12.88,0
2018-06-28,12.88,12.88,12.88,12.88,0
2018-06-29,13.18,13.18,12.58,12.58,1700
2018-07-02,12.58,12.58,12.58,12.58,0
2018-07-03,13.18,13.18,13.18,13.18,100
2018-07-04,13.78,13.78,13.78,13.78,857
2018-07-05,13.3,13.3,13.3,13.3,900
2018-07-06,13.3,13.3,13.3,13.3,0
2018-07-09,13.3,13.3,13.3,13.3,400
2018-07-10,13.3,13.3,13.3,13.3,60
2018-07-11,13.36,13.36,13.36,13.36,100
2018-07-12,13.78,13.78,13.48,13.48,400
2018-07-13,13.48,13.48,13.48,13.48,60
2018-07-16,13.48,13.48,13.18,13.18,2500
2018-07-17,13.18,13.18,13.18,13.18,1020
2018-07-18,13.18,13.18,13.18,13.18,1000
2018-07-19,13.18,13.18,13.18,13.18,1500
2018-07-20,13.24,13.24,13.18,13.18,4030
2018-07-23,13.18,13.18,13.18,13.18,1800
2018-07-24,13.78,13.78,13.78,13.78,200
2018-07-25,13.18,13.42,13.18,13.42,12300
2018-07-26,13.18,13.42,13.18,13.42,12900
2018-07-27,13.42,13.42,13.36,13.36,12200
2018-07-30,13.36,13.36,13.36,13.36,3000
2018-07-31,13.18,13.18,13.18,13.18,1000
2018-08-01,13.18,13.18,13.18,13.18,0
2018-08-02,13.48,13.48,13.18,13.18,2500
2018-08-03,13.18,13.18,13.18,13.18,0
2018-08-06,13.18,13.18,13.18,13.18,6000
2018-08-07,13.18,13.18,13.18,13.18,0
2018-08-08,13.18,13.18,13.18,13.18,0
2018-08-09,13.18,13.18,13.18,13.18,0
2018-08-10,13.18,13.18,13.18,13.18,4507
2018-08-13,13.18,13.18,13.18,13.18,0
2018-08-14,13.18,13.24,13.18,13.24,2100
2018-08-15,13.3,13.3,13.3,13.3,200
2018-08-16,13.48,13.48,13.48,13.48,100
2018-08-17,13.48,13.48,13.48,13.48,0
2018-08-20,13.48,13.48,13.48,13.48,0
2018-08-21,13.48,13.48,13.48,13.48,2000
2018-08-22,13.48,13.48,13.48,13.48,0
2018-08-23,13.48,13.48,13.48,13.48,0
2018-08-24,13.48,13.48,13.48,13.48,0
2018-08-27,13.48,13.48,13.48,13.48,0
2018-08-28,13.48,13.48,13.48,13.48,0
2018-08-29,13.48,13.48,13.48,13.48,0
2018-08-30,13.54,13.54,13.54,13.54,142
2018-08-31,13.78,13.78,13.78,13.78,2300
2018-09-04,13.78,13.78,13.78,13.78,0
2018-09-05,13.78,14.41,14.41,14.41,3
2018-09-06,14.41,14.41,14.41,14.41,0
2018-09-07,14.09,14.09,14.09,14.09,12900
2018-09-10,14.09,14.09,14.09,14.09,48
2018-09-11,14.09,14.09,14.09,14.09,0
2018-09-12,14.09,14.09,14.09,14.09,0
2018-09-13,15.47,15.47,15.47,15.47,100
2018-09-14,15.47,15.47,15.47,15.47,120
2018-09-17,15.47,15.47,15.47,15.47,60
2018-09-18,14.03,14.03,14.03,14.03,200
2018-09-19,13.53,13.78,13.53,13.78,1000
2018-09-20,13.78,13.78,13.78,13.78,0
2018-09-21,14.09,14.09,14.09,14.09,3000
2018-09-24,14.09,14.09,14.09,14.09,50
2018-09-25,14.41,14.53,14.41,14.47,18800
2018-09-26,14.53,14.53,14.53,14.53,3000
2018-09-27,14.53,14.53,14.53,14.53,50
2018-09-28,14.53,14.53,14.53,14.53,0
2018-10-01,14.53,14.53,14.53,14.53,0
2018-10-02,13.78,14.09,13.78,14.09,1100
2018-10-03,14.41,14.41,14.41,14.41,410
2018-10-04,14.41,14.41,14.41,14.41,0
2018-10-05,14.41,14.41,14.41,14.41,0
2018-10-08,14.41,14.41,14.41,14.41,0
2018-10-09,14.41,14.41,14.09,14.09,3800
2018-10-10,14.41,14.41,14.41,14.41,16100
2018-10-11,14.41,14.53,14.16,14.35,27800
2018-10-12,14.35,14.35,14.35,14.35,0
2018-10-15,14.35,14.35,14.35,14.35,0
2018-10-16,14.35,14.35,14.35,14.35,0
2018-10-17,14.09,14.09,14.09,14.09,1400
2018-10-18,14.09,14.09,14.09,14.09,0
2018-10-19,13.78,13.78,13.78,13.78,2000
2018-10-22,14.41,14.41,14.41,14.41,1288
2018-10-23,14.41,14.41,14.41,14.41,0
2018-10-24,14.41,14.41,14.41,14.41,800
2018-10-25,14.41,14.41,14.41,14.41,0
2018-10-26,13.78,13.78,13.78,13.78,200
2018-10-29,13.78,13.78,13.78,13.78,0
2018-10-30,13.78,13.78,13.78,13.78,1020
2018-10-31,13.78,13.78,13.78,13.78,0
2018-11-01,13.78,13.78,13.78,13.78,0
2018-11-02,13.78,13.78,13.78,13.78,0
2018-11-05,13.78,13.78,13.78,13.78,0
2018-11-06,14.41,14.41,14.41,14.41,100
2018-11-07,14.41,14.41,14.41,14.41,100
2018-11-08,14.41,14.41,14.41,14.41,0
2018-11-09,14.41,14.41,14.41,14.41,0
2018-11-12,15.28,15.28,14.72,14.72,1100
2018-11-13,14.72,15.35,14.72,15.35,1100
2018-11-14,15.35,15.35,15.35,15.35,1700
2018-11-15,15.35,16.29,15.35,16.29,1200
2018-11-16,16.66,16.79,15.35,15.35,1800
2018-11-19,15.35,16.41,15.35,16.41,12700
2018-11-20,16.91,17.1,16.29,16.29,1600
2018-11-21,16.29,16.29,16.29,16.29,0
2018-11-22,16.29,16.29,16.29,16.29,2050000
2018-11-23,16.29,16.29,16.29,16.29,15
2018-11-26,16.29,16.29,16.29,16.29,0
2018-11-27,16.29,16.29,16.29,16.29,0
2018-11-28,16.29,16.29,16.29,16.29,0
2018-11-29,16.29,16.29,16.29,16.29,0
2018-11-30,16.29,16.29,16.29,16.29,0
2018-12-03,14.72,14.72,14.72,14.72,100
2018-12-04,13.66,13.66,13.66,13.66,1000
2018-12-05,13.78,14.91,13.78,14.91,3000
2018-12-06,14.91,14.91,14.91,14.91,0
2018-12-07,14.91,14.91,14.91,14.91,0
2018-12-10,16.29,16.29,16.29,16.29,200
2018-12-11,16.29,16.29,16.29,16.29,0
2018-12-12,16.29,16.29,16.29,16.29,0
2018-12-13,16.29,16.29,16.29,16.29,0
2018-12-14,16.29,16.29,16.29,16.29,0
2018-12-17,16.29,16.29,16.29,16.29,0
2018-12-18,16.29,16.29,16.29,16.29,0
2018-12-19,15.66,15.66,15.66,15.66,200
2018-12-20,15.66,15.66,15.66,15.66,0
2018-12-21,15.66,15.66,15.66,15.66,0
2018-12-24,15.66,15.66,15.66,15.66,0
2018-12-25,15.66,15.66,15.66,15.66,0
2018-12-26,15.66,15.66,15.66,15.66,0
2018-12-27,14.41,14.41,14.41,14.41,100
2018-12-28,13.78,13.78,13.78,13.78,1000
2019-01-02,13.78,13.78,13.78,13.78,0
2019-01-03,13.78,13.78,13.78,13.78,0
2019-01-04,13.78,13.78,13.78,13.78,0
2019-01-07,15.03,15.03,15.03,15.03,1000
2019-01-08,15.03,15.03,15.03,15.03,0
2019-01-09,15.66,15.66,15.66,15.66,6900
2019-01-10,15.66,15.66,15.66,15.66,0
2019-01-11,15.66,15.66,15.66,15.66,0
2019-01-14,15.66,15.66,15.66,15.66,0
2019-01-15,15.66,15.66,15.66,15.66,0
2019-01-16,15.66,15.66,15.66,15.66,0
2019-01-17,15.66,15.66,15.66,15.66,0
2019-01-18,15.66,15.66,15.66,15.66,0
2019-01-21,15.66,15.66,15.66,15.66,0
2019-01-22,15.66,15.66,15.66,15.66,0
2019-01-23,14.09,14.09,14.09,14.09,200
2019-01-24,12.9,12.9,12.9,12.9,200
2019-01-25,13.15,13.15,12.9,12.9,400
2019-01-28,12.9,12.9,12.9,12.9,0
2019-01-29,12.9,12.9,12.9,12.9,0
2019-01-30,12.9,12.9,12.9,12.9,0
2019-01-31,12.9,12.9,12.9,12.9,0
2019-02-01,12.9,12.9,12.9,12.9,0
2019-02-11,13.03,13.03,13.03,13.03,2200
2019-02-12,13.03,13.03,13.03,13.03,0
2019-02-13,13.03,13.03,13.03,13.03,15
2019-02-14,13.03,13.03,13.03,13.03,0
2019-02-15,13.09,13.09,13.09,13.09,6200
2019-02-18,14.35,14.35,14.35,14.35,100
2019-02-19,14.35,14.35,14.35,14.35,0
2019-02-20,15.66,15.72,15.66,15.72,3662
2019-02-21,15.72,15.72,15.72,15.72,0
2019-02-22,14.47,14.47,14.47,14.47,100
2019-02-25,15.66,15.66,15.66,15.66,1400
2019-02-26,15.66,15.66,15.66,15.66,0
2019-02-27,14.47,14.47,14.47,14.47,100
2019-02-28,14.47,14.47,14.47,14.47,0
2019-03-01,14.47,14.47,14.47,14.47,0
2019-03-04,14.47,14.47,14.47,14.47,0
2019-03-05,14.47,14.47,14.47,14.47,0
2019-03-06,14.47,14.47,14.47,14.47,0
2019-03-07,14.47,14.47,14.47,14.47,0
2019-03-08,14.47,14.47,14.47,14.47,0
2019-03-11,14.47,14.47,14.47,14.47,0
2019-03-12,14.47,14.47,14.47,14.47,0
2019-03-13,15.91,15.91,15.22,15.22,300
2019-03-14,15.22,15.22,15.22,15.22,0
2019-03-15,15.22,15.22,15.22,15.22,0
2019-03-18,15.22,15.22,15.22,15.22,0
2019-03-19,15.22,15.22,15.22,15.22,400
2019-03-20,15.22,15.22,15.22,15.22,0
2019-03-21,15.22,15.22,15.22,15.22,0
2019-03-22,15.22,15.22,15.22,15.22,0
2019-03-25,15.28,16.73,15.28,16.73,1900
2019-03-26,16.73,16.73,16.73,16.73,0
2019-03-27,16.73,16.73,16.73,16.73,0
2019-03-28,16.73,16.73,16.73,16.73,50
2019-03-29,15.97,15.97,15.97,15.97,200
2019-04-01,15.97,15.97,15.97,15.97,0
2019-04-02,15.97,15.97,15.97,15.97,0
2019-04-03,15.97,15.97,15.97,15.97,0
2019-04-04,17.54,17.54,17.54,17.54,100
2019-04-05,17.54,17.54,17.54,17.54,0
2019-04-08,17.54,17.54,17.54,17.54,0
2019-04-09,17.54,17.54,17.54,17.54,0
2019-04-10,15.85,15.85,15.85,15.85,100
2019-04-11,15.85,15.85,15.85,15.85,0
2019-04-12,15.85,15.85,15.85,15.85,0
2019-04-16,15.85,15.85,15.85,15.85,0
2019-04-17,15.85,15.85,15.85,15.85,0
2019-04-18,15.85,15.85,15.85,15.85,0
2019-04-19,15.85,15.85,15.85,15.85,0
2019-04-22,15.85,15.85,15.85,15.85,0
2019-04-23,15.85,15.85,15.85,15.85,0
2019-04-24,15.85,15.85,15.85,15.85,0
2019-04-25,15.85,15.85,15.85,15.85,0
2019-04-26,15.85,15.85,15.85,15.85,0
2019-05-02,15.85,15.85,15.85,15.85,0
2019-05-03,15.85,15.85,15.85,15.85,0
2019-05-06,15.85,15.85,15.85,15.85,0
2019-05-07,15.97,15.97,15.97,15.97,2000
2019-05-08,15.66,15.66,15.66,15.66,1488
2019-05-09,15.66,15.66,15.66,15.66,0
2019-05-10,15.66,15.66,15.66,15.66,0
2019-05-13,15.03,15.03,15.03,15.03,4000
2019-05-14,15.03,15.03,15.03,15.03,0
2019-05-15,15.03,15.03,15.03,15.03,0
2019-05-16,16.54,16.54,16.54,16.54,200
2019-05-17,16.54,16.54,16.54,16.54,0
2019-05-20,16.54,16.54,16.54,16.54,0
2019-05-21,16.54,16.54,16.54,16.54,0
2019-05-22,16.54,16.54,16.54,16.54,5100
2019-05-23,16.85,16.85,16.85,16.85,100
2019-05-24,16.66,16.66,16.6,16.66,400
2019-05-27,17.85,17.85,17.85,17.85,600
2019-05-28,17.85,17.85,17.85,17.85,0
2019-05-29,17.85,17.85,17.85,17.85,0
2019-05-30,17.85,17.85,17.85,17.85,22
2019-05-31,17.85,17.85,17.85,17.85,0
2019-06-03,17.85,17.85,17.85,17.85,1200
2019-06-04,17.85,17.85,17.85,17.85,1000
2019-06-05,17.85,17.85,17.85,17.85,170
2019-06-06,17.85,17.85,17.85,17.85,0
2019-06-07,18.5,18.5,18.5,18.5,0
2019-06-10,18.5,18.5,18.5,18.5,0
2019-06-11,16.3,16.3,16.3,16.3,100
2019-06-12,16.3,16.3,16.3,16.3,0
2019-06-13,16.3,16.3,16.3,16.3,0
2019-06-14,16.3,16.3,16.3,16.3,0
2019-06-17,16.3,16.3,16.3,16.3,0
2019-06-18,16.3,16.3,16.3,16.3,0
2019-06-19,16.3,16.3,16.3,16.3,0
2019-06-20,16.3,16.3,16.3,16.3,0
2019-06-21,16.3,16.3,16.3,16.3,0
2019-06-24,16.3,16.3,16.3,16.3,0
2019-06-25,16.3,16.3,16.3,16.3,0
2019-06-26,16.3,16.3,16.3,16.3,0
2019-06-27,16.3,16.3,16.3,16.3,0
2019-06-28,16.3,16.3,16.3,16.3,0
2019-07-01,16.3,16.3,16.3,16.3,0
2019-07-02,16.3,16.3,16.3,16.3,0
2019-07-03,16.3,16.3,16.3,16.3,36
2019-07-04,14.87,14.87,14.87,14.87,100
2019-07-05,14.87,14.87,14.87,14.87,3000
2019-07-08,14.87,14.87,14.87,14.87,0
2019-07-09,14.87,14.87,14.87,14.87,0
2019-07-10,16.23,16.23,14.74,14.74,800
2019-07-11,14.74,14.74,14.74,14.74,0
2019-07-12,14.74,14.74,14.74,14.74,0
2019-07-15,14.74,14.74,14.74,14.74,0
2019-07-16,14.74,14.74,14.74,14.74,0
2019-07-17,14.74,14.74,14.74,14.74,0
2019-07-18,16.17,16.17,16.17,16.17,4000
2019-07-19,16.17,16.17,16.17,16.17,0
2019-07-22,16.17,16.17,16.17,16.17,0
2019-07-23,16.17,16.17,16.17,16.17,0
2019-07-24,16.17,16.17,16.17,16.17,0
2019-07-25,16.17,16.17,16.17,16.17,0
2019-07-26,16.23,16.23,16.23,16.23,1000
2019-07-29,17.53,17.85,16.36,16.36,10000
2019-07-30,16.36,16.36,16.36,16.36,0
2019-07-31,16.55,16.55,16.55,16.55,6000
2019-08-01,16.55,16.88,16.23,16.23,8400
2019-08-02,17.53,17.85,16.62,16.62,18800
2019-08-05,17.46,17.46,17.46,17.46,200
2019-08-06,16.62,16.62,16.62,16.62,100
2019-08-07,16.62,16.62,16.62,16.62,0
2019-08-08,17.53,17.53,16.88,16.88,3000
2019-08-09,16.88,16.88,16.88,16.88,0
2019-08-12,16.88,16.88,16.88,16.88,0
2019-08-13,16.88,16.88,16.88,16.88,0
2019-08-14,16.88,16.88,16.88,16.88,0
2019-08-15,16.88,16.88,16.88,16.88,0
2019-08-16,16.88,16.88,16.88,16.88,0
2019-08-19,16.88,16.88,16.88,16.88,0
2019-08-20,16.94,16.94,16.94,16.94,900
2019-08-21,17.01,17.01,17.01,17.01,1000
2019-08-22,17.01,17.01,17.01,17.01,3600
2019-08-23,17.01,17.01,17.01,17.01,0
2019-08-26,17.01,17.01,17.01,17.01,0
2019-08-27,17.01,17.01,17.01,17.01,0
2019-08-28,17.01,17.01,17.01,17.01,0
2019-08-29,17.53,17.53,17.01,17.01,1700
2019-08-30,16.55,16.55,16.55,16.55,100
2019-09-03,16.55,16.55,16.55,16.55,50
2019-09-04,16.55,16.55,16.55,16.55,0
2019-09-05,16.55,16.55,16.55,16.55,0
2019-09-06,16.55,16.55,16.55,16.55,0
2019-09-09,17.23,17.23,17.23,17.23,0
2019-09-10,17.23,17.23,17.23,17.23,0
2019-09-11,17.23,17.23,17.23,17.23,77
2019-09-12,17.23,17.23,17.23,17.23,0
2019-09-13,17.23,17.23,17.23,17.23,0
2019-09-16,17.23,17.23,17.23,17.23,10
2019-09-17,17.23,17.23,17.23,17.23,0
2019-09-18,17.23,17.23,17.23,17.23,0
2019-09-19,17.23,17.23,17.23,17.23,0
2019-09-20,17.23,17.23,17.23,17.23,0
2019-09-23,17.23,17.23,17.23,17.23,10
2019-09-24,17.23,17.23,17.23,17.23,0
2019-09-25,17.23,17.23,17.23,17.23,0
2019-09-26,17.23,17.23,17.23,17.23,0
2019-09-27,17.23,17.23,17.23,17.23,0
2019-09-30,17.23,17.23,17.23,17.23,0
2019-10-01,17.23,17.23,17.23,17.23,53
2019-10-02,17.23,17.23,17.23,17.23,0
2019-10-03,17.23,17.23,17.23,17.23,0
2019-10-04,17.23,17.23,17.23,17.23,1023
2019-10-07,17.23,17.23,17.23,17.23,0
2019-10-08,17.23,17.23,17.23,17.23,0
2019-10-09,16.89,16.89,16.89,16.89,100
2019-10-10,16.89,16.89,16.89,16.89,0
2019-10-11,16.89,16.89,16.89,16.89,0
2019-10-14,16.89,16.89,16.89,16.89,0
2019-10-15,16.89,16.89,16.89,16.89,0
2019-10-16,16.89,17.57,16.89,16.89,14810
2019-10-17,16.89,16.89,16.89,16.89,0
2019-10-18,16.89,16.89,16.89,16.89,0
2019-10-21,16.89,16.89,16.89,16.89,0
2019-10-22,16.89,16.89,16.89,16.89,0
2019-10-23,16.89,16.89,16.89,16.89,0
2019-10-24,16.89,16.89,16.89,16.89,0
2019-10-25,16.89,16.89,16.89,16.89,0
2019-10-28,16.89,16.89,16.89,16.89,3000
2019-10-29,16.89,16.89,16.89,16.89,3000
2019-10-30,16.89,16.89,16.89,16.89,0
2019-10-31,16.89,16.89,16.89,16.89,0
2019-11-01,16.89,16.89,16.89,16.89,0
2019-11-04,16.89,16.89,16.89,16.89,4000
2019-11-05,16.89,18.58,16.89,18.58,3300
2019-11-06,18.58,18.58,18.58,18.58,0
2019-11-07,17.23,17.23,17.23,17.23,2000
2019-11-08,17.23,17.23,17.23,17.23,0
2019-11-11,17.23,17.23,17.23,17.23,0
2019-11-12,17.23,17.23,17.23,17.23,0
2019-11-13,17.57,17.57,17.57,17.57,3000
2019-11-14,17.57,17.57,17.57,17.57,0
2019-11-15,17.57,17.57,17.57,17.57,0
2019-11-18,18.24,18.24,16.89,16.89,390
2019-11-19,16.89,16.89,16.89,16.89,0
2019-11-20,16.89,16.89,16.89,16.89,0
2019-11-21,16.89,16.89,16.89,16.89,0
2019-11-22,16.89,16.89,16.89,16.89,50
2019-11-25,16.89,16.89,16.89,16.89,0
2019-11-26,16.89,16.89,16.89,16.89,0
2019-11-27,16.89,16.89,16.89,16.89,100
2019-11-28,16.89,16.89,16.89,16.89,0
2019-11-29,16.89,16.89,16.89,16.89,0
2019-12-02,16.89,16.89,16.89,16.89,0
2019-12-03,16.89,16.89,16.89,16.89,0
2019-12-04,16.89,16.89,16.89,16.89,47
2019-12-05,16.89,16.89,16.89,16.89,0
2019-12-06,16.89,16.89,16.89,16.89,600
2019-12-09,16.89,16.89,16.89,16.89,0
2019-12-10,16.89,16.89,16.89,16.89,0
2019-12-11,16.89,16.89,16.89,16.89,0
2019-12-12,16.89,16.89,16.89,16.89,0
2019-12-13,16.89,16.89,16.89,16.89,0
2019-12-16,16.89,16.89,16.89,16.89,0
2019-12-17,16.89,16.89,16.89,16.89,47
2019-12-18,16.89,16.89,16.89,16.89,0
2019-12-19,16.89,16.89,16.89,16.89,0
2019-12-20,16.89,16.89,16.89,16.89,0
2019-12-23,16.89,16.89,16.89,16.89,0
2019-12-24,16.89,16.89,16.89,16.89,0
2019-12-25,16.89,16.89,16.89,16.89,0
2019-12-26,16.89,16.89,16.89,16.89,0
2019-12-27,15.68,15.88,15.54,15.88,1400
2019-12-30,15.88,15.88,15.88,15.88,200
2019-12-31,15.54,15.54,15.54,15.54,100
2020-01-02,16.76,16.76,16.76,16.76,125
2020-01-03,18.38,18.38,18.38,18.38,100
2020-01-06,16.55,16.89,16.55,16.89,300
2020-01-07,16.96,16.96,16.96,16.96,100
2020-01-08,16.89,16.89,16.89,16.89,3103
2020-01-09,17.57,17.57,17.57,17.57,1000
2020-01-10,17.57,17.57,17.57,17.57,0
2020-01-13,17.57,17.57,17.57,17.57,0
2020-01-14,17.57,17.57,17.57,17.57,0
2020-01-15,19.32,19.32,19.32,19.32,100
2020-01-16,19.32,19.32,19.32,19.32,0
2020-01-17,19.32,19.32,19.32,19.32,0
2020-01-20,21.22,21.22,21.22,21.22,100
2020-01-21,21.22,21.22,21.22,21.22,0
2020-01-22,21.22,21.22,21.22,21.22,0
2020-01-30,21.22,21.22,21.22,21.22,0
2020-01-31,21.22,21.22,21.22,21.22,0
2020-02-03,21.22,21.22,21.22,21.22,200
2020-02-04,21.22,21.22,21.22,21.22,0
2020-02-05,21.22,21.22,21.22,21.22,0
2020-02-06,19.12,19.12,19.12,19.12,102
2020-02-07,17.23,17.23,17.23,17.23,100
2020-02-10,15.88,15.88,15.54,15.54,3000
2020-02-11,16.22,16.42,16.22,16.42,3500
2020-02-12,16.42,16.42,16.42,16.42,0
2020-02-13,17.97,17.97,17.97,17.97,100
2020-02-14,17.97,17.97,17.97,17.97,0
2020-02-17,16.28,19.39,16.28,16.42,300
2020-02-18,17.97,17.97,17.97,17.97,100
2020-02-19,17.97,17.97,17.97,17.97,0
2020-02-20,17.97,17.97,17.97,17.97,0
2020-02-21,19.39,19.39,19.39,19.39,100
2020-02-24,17.5,17.5,17.5,17.5,200
2020-02-25,17.5,17.5,17.5,17.5,100
2020-02-26,19.12,19.12,19.12,19.12,100
2020-02-27,19.12,19.12,19.12,19.12,0
2020-02-28,17.23,17.23,17.23,17.23,100
2020-03-02,17.23,17.23,17.23,17.23,0
2020-03-03,17.23,17.23,17.23,17.23,0
2020-03-04,17.23,17.23,17.23,17.23,100
2020-03-05,17.23,17.23,17.23,17.23,0
2020-03-06,17.23,17.23,17.23,17.23,0
2020-03-09,16.22,16.22,16.22,16.22,10100
2020-03-10,14.6,14.6,14.6,14.6,100
2020-03-11,14.6,14.6,14.6,14.6,0
2020-03-12,14.6,14.6,14.6,14.6,0
2020-03-13,15.54,15.54,15.54,15.54,100
2020-03-16,15.54,15.54,15.54,15.54,0
2020-03-17,15.54,15.54,15.54,15.54,0
2020-03-18,15.54,15.54,15.54,15.54,80
2020-03-19,16.03,16.03,16.03,16.03,0
2020-03-20,16.03,16.03,16.03,16.03,0
2020-03-23,14.63,14.63,14.63,14.63,15236
2020-03-24,14.63,14.63,14.63,14.63,0
2020-03-25,14.63,14.63,14.63,14.63,0
2020-03-26,14.63,14.63,14.63,14.63,0
2020-03-27,14.63,14.63,14.63,14.63,0
2020-03-30,14.63,14.63,14.63,14.63,5000
2020-03-31,14.63,14.63,14.63,14.63,1290
2020-04-01,14.63,14.63,14.63,14.63,0
2020-04-03,14.63,14.63,14.63,14.63,0
2020-04-06,14.63,14.63,14.63,14.63,0
2020-04-07,14.63,14.63,14.63,14.63,0
2020-04-08,14.63,14.63,14.63,14.63,40
2020-04-09,14.63,14.63,14.63,14.63,0
2020-04-10,14.63,14.63,14.63,14.63,0
2020-04-13,14.63,14.63,14.63,14.63,0
2020-04-14,13.24,13.24,13.24,13.24,100
2020-04-15,14.01,14.01,14.01,14.01,600
2020-04-16,15.4,15.4,15.4,15.4,100
2020-04-17,16.73,16.73,16.73,16.73,100
2020-04-20,16.73,16.73,16.73,16.73,0
2020-04-21,16.73,18.05,15.33,15.33,1220
2020-04-22,16.38,16.86,15.33,15.33,700
2020-04-23,15.33,15.33,15.33,15.33,0
2020-04-24,16.03,16.03,16.03,16.03,4600
2020-04-27,16.03,16.03,16.03,16.03,0
2020-04-28,16.03,16.03,16.03,16.03,0
2020-04-29,14.5,14.5,14.5,14.5,100
2020-05-04,14.5,14.5,14.5,14.5,0
2020-05-05,14.5,14.5,14.5,14.5,0
2020-05-06,15.68,15.68,15.68,15.68,240
2020-05-07,15.68,15.68,15.68,15.68,0
2020-05-08,15.68,15.68,15.68,15.68,600
2020-05-11,16.73,16.73,16.73,16.73,1000
2020-05-12,16.73,16.73,16.73,16.73,0
2020-05-13,16.73,16.73,16.73,16.73,0
2020-05-14,16.73,16.73,16.73,16.73,0
2020-05-15,16.73,16.73,16.73,16.73,0
2020-05-18,16.73,16.73,16.73,16.73,0
2020-05-19,16.73,16.73,16.73,16.73,0
2020-05-20,16.73,16.73,16.73,16.73,1500
2020-05-21,16.73,16.73,16.73,16.73,0
2020-05-22,16.03,16.03,16.03,16.03,1400
2020-05-25,16.03,16.03,16.03,16.03,0
2020-05-26,16.03,16.03,16.03,16.03,0
2020-05-27,16.03,16.03,16.03,16.03,0
2020-05-28,16.03,16.03,16.03,16.03,0
2020-05-29,16.03,16.03,16.03,16.03,0
2020-06-01,16.03,16.03,16.03,16.03,0
2020-06-02,16.03,16.03,16.03,16.03,0
2020-06-03,16.03,16.03,16.03,16.03,0
2020-06-04,16.38,16.38,16.38,16.38,300
2020-06-05,16.38,16.38,16.38,16.38,0
2020-06-08,16.38,16.38,16.38,16.38,0
2020-06-09,16.38,16.38,16.38,16.38,0
2020-06-10,14.77,14.77,14.77,14.77,100
2020-06-11,14.77,14.77,14.77,14.77,0
2020-06-12,16.03,16.03,16.03,16.03,100
2020-06-15,16.03,16.03,16.03,16.03,0
2020-06-16,16.73,16.73,16.73,16.73,401
2020-06-17,16.73,16.73,16.73,16.73,8
2020-06-18,16.73,16.73,16.73,16.73,0
2020-06-19,16.73,16.73,16.73,16.73,0
2020-06-22,16.73,16.73,16.73,16.73,300
2020-06-23,16.73,16.73,16.73,16.73,50
2020-06-24,16.73,16.73,16.73,16.73,0
2020-06-25,16.73,16.73,16.73,16.73,0
2020-06-26,16.73,16.73,16.73,16.73,0
2020-06-29,16.73,16.73,16.73,16.73,0
2020-06-30,16.73,16.73,16.73,16.73,0
2020-07-01,16.73,16.73,16.73,16.73,0
2020-07-02,16.73,16.73,16.73,16.73,0
2020-07-03,15.33,15.33,15.33,15.33,2000
2020-07-06,15.33,15.33,15.33,15.33,0
2020-07-07,15.33,15.33,15.33,15.33,0
2020-07-08,15.33,15.33,15.33,15.33,0
2020-07-09,15.33,15.33,15.33,15.33,0
2020-07-10,15.33,15.33,15.33,15.33,1400
2020-07-13,15.33,15.33,15.33,15.33,0
2020-07-14,15.33,15.33,15.33,15.33,0
2020-07-15,15.47,15.75,15.47,15.75,4000
2020-07-16,16.1,17.28,16.1,16.31,4900
2020-07-17,17.42,17.42,17.42,17.42,4800
2020-07-20,17.42,17.42,17.42,17.42,0
2020-07-21,18.12,18.82,18.12,18.82,9800
2020-07-22,18.82,18.82,18.82,18.82,3000
2020-07-23,18.82,18.82,18.82,18.82,1000
2020-07-24,18.82,18.82,18.82,18.82,400
2020-07-27,19.16,19.51,19.16,19.51,2400
2020-07-28,19.51,20.21,19.51,20.21,3700
2020-07-29,20.21,20.91,20.21,20.21,180700
2020-07-30,20.21,20.21,20.21,20.21,0
2020-07-31,20.21,20.21,20.21,20.21,0
2020-08-03,20.21,20.21,20.21,20.21,33030
2020-08-04,20.21,20.56,19.51,20.21,41910
2020-08-05,20.21,20.21,20.21,20.21,3000
2020-08-06,20.56,20.56,20.56,20.56,45020
2020-08-07,20.56,20.56,20.56,20.56,60
2020-08-10,20.56,20.56,20.56,20.56,0
2020-08-11,20.21,20.21,20.21,20.21,100
2020-08-12,20.21,20.56,20.21,20.56,25100
2020-08-13,20.56,20.56,20.56,20.56,74040
2020-08-14,20.56,20.56,20.56,20.56,12000
2020-08-17,20.56,20.56,20.56,20.56,0
2020-08-18,20.56,20.56,20.56,20.56,0
2020-08-19,18.82,20.56,18.82,20.56,19000
2020-08-20,20.56,20.56,20.56,20.56,8100
2020-08-21,20.56,20.56,20.56,20.56,200180
2020-08-24,20.56,20.56,20.56,20.56,0
2020-08-25,20.56,20.56,20.56,20.56,1
2020-08-26,20.56,20.56,20.56,20.56,100
2020-08-27,20.56,20.56,20.56,20.56,2500
2020-08-28,20.56,20.56,20.56,20.56,0
2020-08-31,20.56,20.56,20.56,20.56,0
2020-09-01,20.56,20.56,20.56,20.56,0
2020-09-03,22.3,22.3,20.56,20.56,1010
2020-09-04,20.56,20.56,20.56,20.56,0
2020-09-07,20.56,20.56,20.56,20.56,0
2020-09-08,20.56,20.56,20.56,20.56,100
2020-09-09,20.56,20.56,20.56,20.56,0
2020-09-10,20.56,20.56,20.56,20.56,0
2020-09-11,20.56,20.56,20.56,20.56,0
2020-09-14,20.56,20.56,20.56,20.56,0
2020-09-15,20.91,20.91,20.91,20.91,5000
2020-09-16,20.91,20.91,20.91,20.91,10000
2020-09-17,20.91,20.91,20.91,20.91,5000
2020-09-18,21.33,21.33,21.33,21.33,0
2020-09-21,21.33,21.33,21.33,21.33,20
2020-09-22,21.33,21.33,21.33,21.33,20
2020-09-23,21.33,21.33,21.33,21.33,20
2020-09-24,21.33,21.33,21.33,21.33,0
2020-09-25,21.33,21.33,21.33,21.33,9
2020-09-28,21.33,21.33,21.33,21.33,0
2020-09-29,21.33,21.33,21.33,21.33,0
2020-09-30,21.33,21.33,21.33,21.33,0
2020-10-01,21.33,21.33,21.33,21.33,0
2020-10-02,21.33,21.69,21.33,21.69,20000
2020-10-05,21.69,21.69,21.69,21.69,0
2020-10-06,21.69,21.69,21.69,21.69,0
2020-10-07,21.69,21.69,21.69,21.69,0
2020-10-08,20.62,20.62,20.62,20.62,700
2020-10-09,20.62,20.62,20.62,20.62,0
2020-10-12,22.04,22.04,22.04,22.04,1100
2020-10-13,22.04,22.04,22.04,22.04,0
2020-10-14,22.04,22.04,22.04,22.04,0
2020-10-15,22.4,22.4,22.4,22.4,100
2020-10-16,23.11,23.11,23.11,23.11,1400
2020-10-19,22.4,22.4,22.4,22.4,100
2020-10-20,22.4,22.4,22.4,22.4,0
2020-10-21,22.4,22.4,22.4,22.4,0
2020-10-22,22.4,22.4,22.4,22.4,500
2020-10-23,22.4,22.4,22.4,22.4,500
2020-10-26,22.4,22.4,22.4,22.4,1200
2020-10-27,22.4,22.4,22.4,22.4,4000
2020-10-28,22.4,22.4,22.4,22.4,100
2020-10-29,22.4,22.4,22.4,22.4,0
2020-10-30,22.4,22.4,22.4,22.4,0
2020-11-02,24.18,24.39,24.18,24.18,2100
2020-11-03,24.18,24.18,24.18,24.18,100
2020-11-04,24.18,24.18,24.18,24.18,0
2020-11-05,24.18,24.18,23.82,23.82,2600
2020-11-06,23.82,23.82,23.82,23.82,0
2020-11-09,23.82,23.82,23.82,23.82,0
2020-11-10,23.82,23.82,23.82,23.82,0
2020-11-11,24.18,24.18,24.18,24.18,2500
2020-11-12,24.18,24.18,24.18,24.18,0
2020-11-13,24.18,24.18,24.18,24.18,2500
2020-11-16,24.18,24.18,24.18,24.18,0
2020-11-17,23.11,23.11,23.11,23.11,500
2020-11-18,23.11,23.11,23.11,23.11,0
2020-11-19,23.11,23.11,23.11,23.11,0
2020-11-20,24.18,24.18,24.18,24.18,100
2020-11-23,24.18,24.18,24.18,24.18,0
2020-11-24,24.69,24.69,24.69,24.69,0
2020-11-25,24.69,24.69,24.69,24.69,0
2020-11-26,23.23,23.23,23.23,23.23,100
2020-11-27,23.23,23.23,23.23,23.23,0
2020-11-30,23.23,23.23,23.23,23.23,0
2020-12-01,23.23,23.23,23.23,23.23,0
2020-12-02,23.23,23.23,23.23,23.23,400
2020-12-03,23.23,23.23,23.23,23.23,0
2020-12-04,23.23,23.23,23.23,23.23,0
2020-12-07,23.23,23.23,23.23,23.23,0
2020-12-08,24.25,24.25,24.25,24.25,100
2020-12-09,24.25,24.25,24.25,24.25,0
2020-12-10,24.25,24.25,24.25,24.25,400
2020-12-11,24.25,24.25,24.25,24.25,2300
2020-12-14,24.25,24.25,24.25,24.25,0
2020-12-15,24.25,25.05,22.0,25.05,1002800
2020-12-16,25.05,25.05,25.05,25.05,200
2020-12-17,25.05,25.05,25.05,25.05,100
2020-12-18,25.05,25.05,25.05,25.05,0
2020-12-21,25.05,27.52,25.05,27.45,1000140
2020-12-22,27.45,27.45,27.45,27.45,0
2020-12-23,27.45,27.45,27.45,27.45,0
2020-12-24,27.45,27.45,27.45,27.45,0
2020-12-25,27.45,27.45,27.45,27.45,0
2020-12-28,27.45,27.45,27.45,27.45,0
2020-12-29,27.45,27.45,27.45,27.45,0
2020-12-30,27.45,27.45,27.45,27.45,0
2020-12-31,27.59,27.59,27.59,27.59,1400
2021-01-04,27.59,27.59,27.59,27.59,100
2021-01-05,27.59,27.59,27.59,27.59,0
2021-01-06,27.59,27.59,27.59,27.59,0
2021-01-07,27.59,27.59,27.59,27.59,0
2021-01-08,27.59,27.59,27.59,27.59,0
2021-01-11,25.05,25.05,24.83,24.83,1700
2021-01-12,24.83,24.83,24.83,24.83,0
2021-01-13,24.83,24.83,24.83,24.83,0
2021-01-14,24.83,24.83,24.83,24.83,0
2021-01-15,24.83,24.83,24.83,24.83,0
2021-01-18,24.83,24.83,24.83,24.83,80
2021-01-19,24.83,24.83,24.83,24.83,0
2021-01-20,24.83,24.83,24.83,24.83,0
2021-01-21,24.83,24.83,24.83,24.83,0
2021-01-22,24.83,24.83,24.83,24.83,0
2021-01-25,27.01,27.01,27.01,27.01,100
2021-01-26,27.01,27.01,27.01,27.01,0
2021-01-27,26.86,27.01,26.86,27.01,600
2021-01-28,24.69,24.69,24.69,24.69,500
2021-01-29,24.69,24.69,24.69,24.69,0
2021-02-01,24.69,24.69,24.69,24.69,0
2021-02-02,24.69,24.69,24.69,24.69,0
2021-02-03,24.69,24.69,24.69,24.69,1
2021-02-04,24.69,24.69,24.69,24.69,16
2021-02-05,24.69,24.69,24.69,24.69,0
2021-02-08,24.69,24.69,24.69,24.69,0
2021-02-09,24.69,24.69,24.69,24.69,0
2021-02-17,24.69,24.69,24.69,24.69,0
2021-02-18,24.69,24.69,24.69,24.69,0
2021-02-19,26.43,26.43,26.43,26.43,100
2021-02-22,26.86,26.86,24.76,24.76,2600
2021-02-23,24.76,24.76,24.76,24.76,0
2021-02-24,24.76,24.76,24.76,24.76,100
2021-02-25,24.76,24.76,24.76,24.76,1
2021-02-26,25.05,25.05,25.05,25.05,100
2021-03-01,25.05,25.05,25.05,25.05,0
2021-03-02,25.05,25.05,25.05,25.05,500
2021-03-03,25.05,25.05,24.98,24.98,1050
2021-03-04,24.98,24.98,24.98,24.98,0
2021-03-05,24.98,25.41,24.98,25.05,2800
2021-03-08,25.05,25.05,25.05,25.05,78
2021-03-09,25.05,25.05,25.05,25.05,0
2021-03-10,25.41,25.41,25.41,25.41,100
2021-03-11,25.41,25.41,25.41,25.41,0
2021-03-12,25.41,25.41,25.41,25.41,0
2021-03-15,25.41,25.41,25.41,25.41,0
2021-03-16,25.56,25.56,25.56,25.56,300
2021-03-17,25.56,25.56,25.56,25.56,0
2021-03-18,25.41,25.41,25.41,25.41,100
2021-03-19,25.41,25.41,25.41,25.41,300
2021-03-22,25.41,25.41,25.41,25.41,0
2021-03-23,25.41,25.41,25.41,25.41,0
2021-03-24,25.41,25.41,25.41,25.41,0
2021-03-25,25.41,25.41,25.41,25.41,300
2021-03-26,25.41,25.41,25.41,25.41,1000
2021-03-29,24.69,24.69,24.69,24.69,200
2021-03-30,24.69,24.69,24.69,24.69,0
2021-03-31,24.69,24.69,24.69,24.69,0
2021-04-01,24.69,24.69,24.69,24.69,0
2021-04-02,24.69,24.69,24.69,24.69,0
2021-04-05,24.69,24.69,24.69,24.69,0
2021-04-06,23.31,23.31,23.23,23.23,300
2021-04-07,23.23,23.23,23.23,23.23,0
2021-04-08,23.23,23.23,23.23,23.23,0
2021-04-09,23.23,23.23,23.23,23.23,0
2021-04-12,23.23,25.41,23.23,25.41,500
2021-04-13,23.96,23.96,23.96,23.96,500
2021-04-14,23.96,23.96,23.96,23.96,0
2021-04-15,23.96,23.96,23.96,23.96,0
2021-04-16,23.96,23.96,23.96,23.96,0
2021-04-19,23.96,23.96,23.96,23.96,0
2021-04-20,25.78,25.78,25.78,25.78,100
2021-04-22,25.78,25.78,25.78,25.78,0
2021-04-23,25.78,25.78,25.78,25.78,0
2021-04-26,26.07,26.07,26.07,26.07,100
2021-04-27,25.78,25.78,25.78,25.78,300
2021-04-28,25.78,25.78,25.78,25.78,1
2021-04-29,23.6,23.6,23.23,23.23,1041
2021-05-04,25.41,25.41,25.34,25.34,200
2021-05-05,25.34,25.34,25.34,25.34,4
2021-05-06,25.34,25.34,25.34,25.34,0
2021-05-07,25.34,25.34,25.34,25.34,3
2021-05-10,25.34,25.34,25.34,25.34,0
2021-05-11,24.69,24.69,24.69,24.69,100
2021-05-12,24.69,24.69,24.69,24.69,0
2021-05-13,24.69,24.69,24.69,24.69,0
2021-05-14,22.51,24.32,22.51,24.32,26207
2021-05-17,23.23,25.34,23.23,25.34,529
2021-05-18,23.38,23.38,23.38,23.38,100
2021-05-19,24.18,24.18,24.18,24.18,400
2021-05-20,24.18,24.18,24.18,24.18,0
2021-05-21,23.23,24.98,23.23,24.98,300
2021-05-24,24.98,24.98,24.98,24.98,0
2021-05-25,24.98,24.98,24.98,24.98,0
2021-05-26,24.98,24.98,24.98,24.98,0
2021-05-27,24.98,24.98,24.98,24.98,0
2021-05-28,24.98,24.98,24.98,24.98,0
2021-05-31,24.98,24.98,24.98,24.98,0
2021-06-01,24.98,24.98,24.98,24.98,0
2021-06-02,25.73,25.73,25.73,25.73,0
2021-06-03,25.73,25.73,25.73,25.73,0
2021-06-04,25.73,25.73,25.73,25.73,0
2021-06-07,23.33,23.33,23.33,23.33,100
2021-06-08,25.43,25.43,25.43,25.43,190
2021-06-09,24.68,24.68,24.68,24.68,100
2021-06-10,24.01,24.3,24.01,24.3,1110
2021-06-11,24.01,24.3,24.01,24.3,10500
2021-06-14,24.3,24.3,24.3,24.3,0
2021-06-15,24.3,24.3,24.3,24.3,15900
2021-06-16,24.3,24.3,24.3,24.3,0
2021-06-17,24.3,24.3,24.3,24.3,0
2021-06-18,24.3,24.3,24.3,24.3,2100
2021-06-21,24.3,24.3,24.3,24.3,5500
2021-06-22,24.3,24.3,24.3,24.3,100
2021-06-23,24.3,24.3,24.3,24.3,0
2021-06-24,23.93,23.93,23.93,23.93,1580
2021-06-25,23.93,23.93,23.93,23.93,0
2021-06-28,25.8,25.8,25.8,25.8,700
2021-06-29,25.58,25.58,25.58,25.58,100
2021-06-30,25.58,25.58,25.58,25.58,0
2021-07-01,25.58,25.58,25.58,25.58,0
2021-07-02,25.58,25.58,25.58,25.58,0
2021-07-05,25.58,25.58,25.58,25.58,0
2021-07-06,23.56,23.56,23.56,23.56,200
2021-07-07,23.56,23.56,23.56,23.56,1400
2021-07-08,23.56,23.56,23.56,23.56,0
2021-07-09,23.56,23.56,23.56,23.56,300
2021-07-12,23.56,23.56,23.56,23.56,0
2021-07-13,23.56,23.56,23.56,23.56,0
2021-07-14,23.56,23.56,23.56,23.56,0
2021-07-15,23.56,23.56,23.56,23.56,0
2021-07-16,23.56,23.56,23.56,23.56,0
2021-07-19,23.56,23.56,23.56,23.56,21
2021-07-20,23.56,23.56,23.56,23.56,39
2021-07-21,25.35,25.35,25.35,25.35,100
2021-07-22,25.35,25.35,25.35,25.35,0
2021-07-23,23.93,24.3,23.93,24.3,1500
2021-07-26,24.3,24.3,24.3,24.3,0
2021-07-27,24.3,24.3,24.3,24.3,0
2021-07-28,24.3,24.3,24.3,24.3,0
2021-07-29,24.3,24.3,24.3,24.3,60
2021-07-30,22.81,22.81,22.43,22.43,2900
2021-08-02,22.43,22.43,22.43,22.43,1000
2021-08-03,22.43,22.43,22.43,22.43,0
2021-08-04,23.56,23.56,23.56,23.56,2000
2021-08-05,23.56,23.56,23.56,23.56,0
2021-08-06,23.56,23.56,23.56,23.56,600
2021-08-09,23.56,23.56,23.56,23.56,0
2021-08-10,23.56,24.3,23.56,24.3,3900
2021-08-11,24.3,24.3,24.3,24.3,0
2021-08-12,22.43,24.3,22.43,24.3,2500
2021-08-13,24.3,24.3,24.3,24.3,2000
2021-08-16,24.3,24.3,24.3,24.3,0
2021-08-17,24.23,24.3,24.23,24.3,2300
2021-08-18,24.3,24.3,24.3,24.3,0
2021-08-19,24.3,24.3,24.3,24.3,0
2021-08-20,24.3,24.3,24.3,24.3,0
2021-08-23,24.3,24.3,24.3,24.3,0
2021-08-24,24.3,24.3,24.3,24.3,0
2021-08-25,24.3,24.3,24.3,24.3,0
2021-08-26,24.3,24.3,24.3,24.3,1900
2021-08-27,24.3,24.3,24.3,24.3,0
2021-08-30,24.68,24.68,24.68,24.68,2000
2021-08-31,25.05,25.05,25.05,25.05,100
2021-09-01,25.05,25.05,25.05,25.05,0
2021-09-06,25.05,25.05,25.05,25.05,0
2021-09-07,24.3,24.3,24.3,24.3,1500
2021-09-08,24.3,24.3,24.3,24.3,1000
2021-09-09,24.3,24.3,24.3,24.3,3500
2021-09-10,24.3,24.3,24.3,24.3,0
2021-09-13,24.3,24.3,24.3,24.3,400
2021-09-14,24.3,24.3,24.3,24.3,100
2021-09-15,24.68,24.68,24.68,24.68,2500
2021-09-16,23.24,23.24,23.24,23.24,400
2021-09-17,23.24,23.24,23.24,23.24,95
2021-09-20,25.37,25.52,25.37,25.52,2900
2021-09-21,25.52,25.52,25.52,25.52,400
2021-09-22,25.52,25.52,25.52,25.52,0
2021-09-23,25.52,25.52,25.52,25.52,100
2021-09-24,25.52,25.52,25.52,25.52,0
2021-09-27,25.52,25.52,25.52,25.52,5
2021-09-28,25.52,25.52,25.52,25.52,0
2021-09-29,25.52,25.52,25.52,25.52,0
2021-09-30,25.52,25.52,25.52,25.52,0
2021-10-01,25.52,25.52,25.52,25.52,4100
2021-10-04,26.36,26.36,26.36,26.36,100
2021-10-05,26.36,26.36,26.36,26.36,0
2021-10-06,26.58,26.58,26.58,26.58,100
2021-10-07,26.58,26.58,26.58,26.58,0
2021-10-08,26.58,26.58,26.58,26.58,0
2021-10-11,26.58,26.58,26.58,26.58,0
2021-10-12,24.68,24.68,24.68,24.68,6000
2021-10-13,24.68,24.68,24.68,24.68,1000
2021-10-14,24.76,24.76,24.76,24.76,2000
2021-10-15,22.33,24.38,22.33,24.38,600
2021-10-18,24.76,24.76,24.76,24.76,1000
2021-10-19,24.76,24.76,24.76,24.76,0
2021-10-20,24.76,24.76,24.76,24.76,0
2021-10-21,24.76,24.76,24.76,24.76,0
2021-10-22,24.76,25.06,24.76,25.06,5400
2021-10-25,25.06,25.29,25.06,25.29,8700
2021-10-26,25.29,25.29,25.29,25.29,0
2021-10-27,24.68,24.68,24.68,24.68,800
2021-10-28,24.68,24.68,24.68,24.68,430
2021-10-29,24.68,24.68,24.68,24.68,0
2021-11-01,24.68,24.68,24.68,24.68,200
2021-11-02,24.68,25.06,24.68,25.06,19030
2021-11-03,23.17,23.17,23.17,23.17,100
2021-11-04,25.06,25.37,25.06,25.37,800
2021-11-05,25.37,25.37,25.37,25.37,0
2021-11-08,24.68,24.84,24.68,24.84,400
2021-11-09,24.84,24.84,24.84,24.84,0
2021-11-10,24.84,24.84,24.84,24.84,0
2021-11-11,24.84,25.06,24.84,25.06,4000
2021-11-12,25.06,25.06,25.06,25.06,0
2021-11-15,24.3,24.3,24.3,24.3,3000
2021-11-16,24.3,24.3,24.3,24.3,0
2021-11-17,24.3,24.3,23.24,23.24,1232
2021-11-18,24.49,25.26,24.49,25.26,9044
2021-11-19,25.26,25.26,25.26,25.26,0
2021-11-22,25.26,25.26,25.26,25.26,32
2021-11-23,23.32,25.26,23.32,25.26,10909
2021-11-24,25.26,25.26,25.26,25.26,5000
2021-11-25,25.26,27.67,25.26,25.34,104200
2021-11-26,25.34,25.34,25.34,25.34,0
2021-11-29,25.26,25.26,25.26,25.26,600
2021-11-30,25.26,25.26,25.26,25.26,200
2021-12-01,25.26,25.26,25.26,25.26,0
2021-12-02,26.43,26.43,26.43,26.43,600
2021-12-03,26.43,26.43,26.43,26.43,0
2021-12-06,26.43,26.43,26.43,26.43,0
2021-12-07,26.43,26.43,26.43,26.43,0
2021-12-08,26.43,26.43,26.43,26.43,9
2021-12-09,26.43,26.43,26.43,26.43,0
2021-12-10,26.43,27.98,25.65,25.65,15800
2021-12-13,25.65,25.65,25.65,25.65,0
2021-12-14,25.65,25.65,25.65,25.65,0
2021-12-15,24.1,24.49,24.1,24.49,9000
2021-12-16,24.49,24.49,24.49,24.49,0
2021-12-17,24.49,24.49,24.49,24.49,0
2021-12-20,24.49,24.49,24.49,24.49,62
2021-12-21,24.49,24.49,24.49,24.49,0
2021-12-22,24.49,24.49,24.49,24.49,0
2021-12-23,24.49,24.49,24.49,24.49,0
2021-12-24,24.49,24.49,24.49,24.49,0
2021-12-27,24.49,24.49,24.49,24.49,0
2021-12-28,24.49,24.49,24.49,24.49,0
2021-12-29,24.49,24.49,24.49,24.49,0
2021-12-30,24.49,24.49,24.49,24.49,0
2021-12-31,24.49,24.49,24.49,24.49,0
2022-01-04,24.49,24.49,24.49,24.49,0
2022-01-05,24.49,24.49,24.49,24.49,0
2022-01-06,24.49,24.49,24.49,24.49,0
2022-01-07,26.43,26.43,26.43,26.43,100
2022-01-10,26.43,26.43,26.43,26.43,0
2022-01-11,24.87,24.87,24.87,24.87,1400
2022-01-12,24.87,24.87,24.87,24.87,0
2022-01-13,26.43,26.43,26.43,26.43,2015
2022-01-14,26.43,26.43,26.43,26.43,0
2022-01-17,26.43,26.43,26.43,26.43,0
2022-01-18,24.56,24.56,24.56,24.56,100
2022-01-19,24.56,24.56,24.56,24.56,0
2022-01-20,24.56,24.56,24.56,24.56,47
2022-01-21,24.56,24.56,24.56,24.56,0
2022-01-24,25.57,26.43,25.57,26.43,2000
2022-01-25,26.43,26.43,26.43,26.43,0
2022-01-26,26.43,26.43,26.43,26.43,0
2022-01-27,26.43,26.43,26.43,26.43,0
2022-01-28,23.94,23.94,23.94,23.94,195
2022-02-07,24.87,26.27,24.87,26.27,1405
2022-02-08,26.27,26.27,26.27,26.27,1000
2022-02-09,27.21,27.21,27.21,27.21,1500
2022-02-10,26.43,26.43,26.43,26.43,1400
2022-02-11,26.43,26.43,26.43,26.43,100
2022-02-14,23.86,26.43,23.86,26.43,1200
2022-02-15,26.43,26.43,26.43,26.43,0
2022-02-16,27.52,27.59,27.52,27.52,3100
2022-02-17,27.52,27.52,27.52,27.52,0
2022-02-18,27.52,27.52,27.52,27.52,0
2022-02-21,27.52,27.52,27.52,27.52,0
2022-02-22,26.43,26.43,26.43,26.43,200
2022-02-23,26.43,26.43,26.43,26.43,200
2022-02-24,27.21,27.21,26.43,26.43,3500
2022-02-25,26.43,26.43,26.43,26.43,0
2022-02-28,26.43,26.43,26.43,26.43,0
2022-03-01,26.43,26.43,26.43,26.43,0
2022-03-02,26.43,26.43,26.43,26.43,0
2022-03-03,26.43,26.43,26.43,26.43,0
2022-03-04,26.43,26.43,26.43,26.43,0
2022-03-07,29.07,29.07,26.43,26.43,834
2022-03-08,26.43,26.43,26.43,26.43,0
2022-03-09,26.43,26.43,26.43,26.43,0
2022-03-10,24.95,24.95,24.95,24.95,133
2022-03-11,26.58,26.58,26.58,26.58,101
2022-03-14,26.58,26.58,26.58,26.58,0
2022-03-15,26.58,26.58,26.58,26.58,100
2022-03-16,26.58,26.58,26.58,26.58,0
2022-03-17,26.43,26.43,26.43,26.43,100
2022-03-18,26.43,26.43,26.43,26.43,0
2022-03-21,26.43,26.43,26.43,26.43,900
2022-03-22,26.43,26.43,26.43,26.43,0
2022-03-23,26.43,26.43,26.43,26.43,0
2022-03-24,26.43,26.43,26.43,26.43,3000
2022-03-25,26.43,26.43,26.43,26.43,0
2022-03-28,26.43,26.43,26.43,26.43,0
2022-03-29,26.43,26.43,26.43,26.43,0
2022-03-30,26.43,26.43,26.43,26.43,0
2022-03-31,25.65,25.65,25.65,25.65,1100
2022-04-01,25.65,25.65,25.65,25.65,0
2022-04-04,25.65,25.65,25.65,25.65,200
2022-04-05,25.65,25.65,25.65,25.65,0
2022-04-06,25.65,25.65,25.65,25.65,0
2022-04-07,25.65,25.65,25.65,25.65,0
2022-04-08,25.65,28.14,25.65,28.14,2000
2022-04-12,28.14,28.14,28.14,28.14,1300
2022-04-13,26.04,26.04,26.04,26.04,200
2022-04-14,26.04,26.04,26.04,26.04,0
2022-04-15,25.64,25.64,24.2,24.2,1100
2022-04-18,24.2,24.2,24.2,24.2,0
2022-04-19,24.2,24.2,24.2,24.2,0
2022-04-20,25.64,25.64,25.64,25.64,500
2022-04-21,25.64,25.64,25.64,25.64,0
2022-04-22,25.64,25.64,25.64,25.64,0
2022-04-25,25.64,25.64,25.64,25.64,0
2022-04-26,26.44,26.44,26.44,26.44,100
2022-04-27,27.24,27.24,27.24,27.24,300
2022-04-28,28.04,28.04,28.04,28.04,100
2022-04-29,28.2,28.2,28.2,28.2,100
2022-05-04,28.2,28.2,28.2,28.2,0
2022-05-05,28.2,28.2,28.2,28.2,0
2022-05-06,28.2,28.2,28.2,28.2,0
2022-05-09,31.01,31.01,31.01,31.01,100
2022-05-10,31.01,31.01,31.01,31.01,0
2022-05-11,31.01,31.01,31.01,31.01,0
2022-05-12,27.96,27.96,27.96,27.96,1000
2022-05-13,26.44,26.44,26.44,26.44,400
2022-05-16,26.44,26.44,26.44,26.44,20
2022-05-17,26.44,26.44,26.44,26.44,2000
2022-05-18,26.44,26.44,26.44,26.44,200
2022-05-19,26.44,26.44,26.44,26.44,1000
2022-05-20,26.44,26.44,26.44,26.44,550
2022-05-23,26.44,26.44,26.44,26.44,0
2022-05-24,26.44,26.44,26.44,26.44,0
2022-05-25,26.44,26.44,26.44,26.44,0
2022-05-26,26.44,26.44,26.44,26.44,0
2022-05-27,26.44,26.44,26.44,26.44,0
2022-05-30,26.44,26.44,26.44,26.44,39
2022-05-31,26.44,26.44,26.44,26.44,0
2022-06-01,26.44,26.44,26.44,26.44,0
2022-06-02,26.44,26.44,26.44,26.44,0
2022-06-03,26.44,26.44,26.44,26.44,0
2022-06-06,26.44,26.44,26.44,26.44,0
2022-06-07,26.44,26.44,26.44,26.44,0
2022-06-08,27.24,27.24,27.24,27.24,1300
2022-06-09,27.24,27.24,27.24,27.24,0
2022-06-10,27.24,27.24,27.24,27.24,0
2022-06-13,27.24,27.24,27.24,27.24,0
2022-06-14,27.24,27.24,27.24,27.24,0
2022-06-15,27.24,27.24,27.24,27.24,0
2022-06-16,27.24,27.24,27.24,27.24,0
2022-06-17,27.24,27.24,27.24,27.24,0
2022-06-20,27.24,27.24,27.24,27.24,0
2022-06-21,27.24,27.24,27.24,27.24,0
2022-06-22,27.24,27.24,27.24,27.24,2058
2022-06-23,26.44,27.24,26.44,27.24,2200
2022-06-24,27.24,27.24,27.24,27.24,0
2022-06-27,27.24,27.24,27.24,27.24,200
2022-06-28,27.24,27.24,27.24,27.24,200
2022-06-29,27.24,27.24,27.24,27.24,0
2022-06-30,28.93,28.93,28.93,28.93,100
2022-07-01,28.93,28.93,28.93,28.93,0
2022-07-04,27.24,27.24,27.24,27.24,500
2022-07-05,27.24,27.64,27.24,27.64,700
2022-07-06,28.04,28.04,28.04,28.04,200
2022-07-07,27.24,27.24,27.24,27.24,3000
2022-07-08,27.24,27.24,27.24,27.24,1000
2022-07-11,27.24,27.24,27.24,27.24,3500
2022-07-12,27.24,27.24,27.24,27.24,0
2022-07-13,27.24,27.24,27.24,27.24,0
2022-07-14,27.24,27.24,27.24,27.24,0
2022-07-15,27.24,27.24,27.24,27.24,77
2022-07-18,29.97,29.97,27.24,27.24,300
2022-07-19,27.24,27.24,27.24,27.24,0
2022-07-20,27.32,27.32,27.32,27.32,223
2022-07-21,27.32,27.32,27.32,27.32,0
2022-07-22,27.32,27.32,27.32,27.32,0
2022-07-25,28.04,28.04,28.04,28.04,600
2022-07-26,28.04,28.04,28.04,28.04,0
2022-07-27,28.04,28.04,28.04,28.04,0
2022-07-28,28.04,28.04,28.04,28.04,0
2022-07-29,28.04,28.04,28.04,28.04,500
2022-08-01,30.45,30.45,30.45,30.45,1200
2022-08-02,30.45,30.45,30.45,30.45,0
2022-08-03,30.45,30.45,30.45,30.45,0
2022-08-04,30.45,30.45,30.45,30.45,0
2022-08-05,30.45,30.45,30.45,30.45,0
2022-08-08,30.45,30.45,30.45,30.45,0
2022-08-09,30.45,30.45,30.45,30.45,0
2022-08-10,30.45,30.45,30.45,30.45,0
2022-08-11,27.64,27.64,27.64,27.64,3000
2022-08-12,27.64,27.64,27.64,27.64,100
2022-08-15,28.04,28.04,28.04,28.04,5000
2022-08-16,28.04,28.04,28.04,28.04,0
2022-08-17,28.62,28.62,28.21,28.21,5100
2022-08-18,28.62,28.62,28.62,28.62,5200
2022-08-19,28.62,28.62,28.62,28.62,0
2022-08-22,25.76,28.62,25.76,28.62,5200
2022-08-23,28.62,28.62,28.62,28.62,5000
2022-08-24,28.62,28.62,28.62,28.62,4000
2022-08-25,28.62,28.62,28.62,28.62,5000
2022-08-26,28.62,28.62,28.62,28.62,5000
2022-08-29,28.62,28.62,28.62,28.62,0
2022-08-30,28.62,28.62,28.62,28.62,0
2022-08-31,28.62,28.62,28.62,28.62,0
2022-09-05,26.16,26.16,26.16,26.16,100
2022-09-06,26.16,26.16,26.16,26.16,0
2022-09-07,26.16,26.16,26.16,26.16,0
2022-09-08,26.16,26.16,26.16,26.16,0
2022-09-09,26.16,26.16,26.16,26.16,0
2022-09-12,26.16,26.16,26.16,26.16,0
2022-09-13,26.16,26.16,26.16,26.16,0
2022-09-14,28.62,28.62,27.8,27.8,872
2022-09-15,27.8,27.8,27.8,27.8,300
2022-09-16,30.58,30.58,27.8,27.8,435
2022-09-19,27.8,27.8,27.8,27.8,0
2022-09-20,27.8,27.8,27.8,27.8,0
2022-09-21,27.8,27.8,27.8,27.8,126
2022-09-22,27.8,27.8,27.8,27.8,0
2022-09-23,27.8,27.8,27.8,27.8,60
2022-09-26,27.8,27.8,27.8,27.8,0
2022-09-27,27.8,27.8,27.8,27.8,0
2022-09-28,27.8,27.8,27.8,27.8,0
2022-09-29,25.35,25.35,25.35,25.35,248
2022-09-30,25.35,25.35,25.35,25.35,0
2022-10-03,27.88,27.88,27.88,27.88,100
2022-10-04,27.88,27.88,27.88,27.88,0
2022-10-05,30.66,30.66,27.88,27.88,201
2022-10-06,27.88,27.88,27.88,27.88,0
2022-10-07,27.88,27.88,27.88,27.88,0
2022-10-10,27.88,27.88,27.88,27.88,0
2022-10-11,27.88,27.88,27.88,27.88,76
2022-10-12,27.88,27.88,27.88,27.88,0
2022-10-13,27.88,27.88,27.88,27.88,0
2022-10-14,27.88,27.88,27.88,27.88,100
2022-10-17,27.88,27.88,27.88,27.88,0
2022-10-18,27.88,27.88,27.88,27.88,0
2022-10-19,25.35,25.35,25.26,25.26,400
2022-10-20,25.26,25.26,25.26,25.26,0
2022-10-21,27.72,27.72,27.72,27.72,132
2022-10-24,27.72,30.42,25.35,25.35,600
2022-10-25,25.35,25.35,25.35,25.35,0
2022-10-26,27.88,27.88,23.38,27.88,660
2022-10-27,27.88,27.88,27.88,27.88,100
2022-10-28,26.98,26.98,26.98,26.98,700
2022-10-31,25.76,25.84,25.76,25.84,1000
2022-11-01,27.88,27.88,27.88,27.88,100
2022-11-02,30.58,30.58,30.58,30.58,100
2022-11-03,33.52,33.52,33.52,33.52,1600
2022-11-04,35.89,35.89,35.89,35.89,100
2022-11-07,32.38,32.38,32.38,32.38,1001
2022-11-08,29.19,29.19,29.19,29.19,128
2022-11-09,29.19,29.19,29.19,29.19,0
2022-11-10,26.41,28.54,26.41,28.54,300
2022-11-11,28.54,28.54,28.54,28.54,0
2022-11-14,31.23,31.23,31.23,31.23,100
2022-11-15,31.23,31.23,31.23,31.23,0
2022-11-16,28.17,30.65,28.17,30.65,700
2022-11-17,30.65,30.65,30.65,30.65,0
2022-11-18,28.09,30.65,28.09,30.65,300
2022-11-21,28.0,28.0,27.84,27.84,200
2022-11-22,27.84,27.84,27.84,27.84,48
2022-11-23,27.84,27.84,27.84,27.84,20
2022-11-24,28.17,28.17,28.17,28.17,100
2022-11-25,28.17,28.17,28.17,28.17,0
2022-11-28,28.17,28.17,28.17,28.17,20
2022-11-29,28.17,28.17,28.17,28.17,0
2022-11-30,25.43,25.43,25.43,25.43,100
2022-12-01,25.43,25.43,25.43,25.43,0
2022-12-02,25.43,25.43,25.43,25.43,0
2022-12-05,25.43,25.43,25.43,25.43,15
2022-12-06,25.43,25.43,25.43,25.43,45
2022-12-07,25.43,27.92,25.43,27.92,8600
2022-12-08,27.92,27.92,27.92,27.92,0
2022-12-09,27.92,27.92,27.92,27.92,1
2022-12-12,27.92,27.92,27.92,27.92,0
2022-12-13,27.92,27.92,27.92,27.92,0
2022-12-14,27.59,27.59,27.59,27.59,1000
2022-12-15,29.74,29.74,29.74,29.74,100
2022-12-16,29.74,29.74,29.74,29.74,0
2022-12-19,32.56,32.56,28.91,28.91,1500
2022-12-20,28.91,28.91,28.91,28.91,0
2022-12-21,28.91,28.91,28.91,28.91,0
2022-12-22,28.91,28.91,28.91,28.91,0
2022-12-23,28.91,28.91,28.91,28.91,0
2022-12-26,30.99,30.99,27.34,27.34,400
2022-12-27,29.99,29.99,27.34,29.99,300
2022-12-28,29.99,29.99,29.99,29.99,0
2022-12-29,32.97,32.97,32.97,32.97,200
2022-12-30,29.74,32.97,29.74,32.97,2100
2023-01-03,32.97,32.97,32.97,32.97,0
2023-01-04,32.97,32.97,32.97,32.97,0
2023-01-05,29.74,29.74,29.74,29.74,100
2023-01-06,29.74,29.74,29.74,29.74,0
2023-01-09,28.91,28.91,28.91,28.91,800000
2023-01-10,28.91,28.91,28.91,28.91,0
2023-01-11,28.91,28.91,28.91,28.91,1440300
2023-01-12,28.91,28.91,28.91,28.91,0
2023-01-13,28.91,28.91,28.91,28.91,0
2023-01-16,28.91,28.91,28.91,28.91,0
2023-01-17,28.91,28.91,28.91,28.91,0
2023-01-18,26.26,26.26,26.26,26.26,103
2023-01-19,28.17,28.17,28.17,28.17,100
2023-01-27,25.43,25.43,25.43,25.43,100
2023-01-30,25.43,25.43,25.43,25.43,0
2023-01-31,25.43,25.43,25.43,25.43,0
2023-02-01,25.43,25.43,25.43,25.43,0
2023-02-02,27.92,27.92,27.92,27.92,500
2023-02-03,25.19,25.19,25.19,25.19,100
2023-02-06,25.19,25.19,25.19,25.19,0
2023-02-07,25.19,25.19,25.19,25.19,0
2023-02-08,25.19,25.19,25.19,25.19,0
2023-02-09,25.19,25.19,25.19,25.19,0
2023-02-10,27.67,27.67,27.67,27.67,610
2023-02-13,27.67,27.67,27.67,27.67,1400
2023-02-14,29.0,29.0,28.91,28.91,5006
2023-02-15,29.0,29.0,29.0,29.0,2109
2023-02-16,29.0,29.0,28.91,28.91,3000
2023-02-17,28.91,28.91,28.91,28.91,1000
2023-02-20,28.91,28.91,28.91,28.91,10400
2023-02-21,28.91,28.91,28.91,28.91,11000
2023-02-22,28.91,28.91,28.91,28.91,0
2023-02-23,28.91,28.91,28.91,28.91,0
2023-02-24,28.91,28.91,28.91,28.91,0
2023-02-27,28.91,28.91,28.91,28.91,0
2023-02-28,28.91,28.91,28.91,28.91,0
2023-03-01,28.91,28.91,28.91,28.91,0
2023-03-02,28.91,28.91,28.91,28.91,0
2023-03-03,28.91,28.91,28.91,28.91,0
2023-03-06,28.91,28.91,28.91,28.91,0
2023-03-07,28.91,28.91,28.91,28.91,0
2023-03-08,28.91,28.91,28.91,28.91,0
2023-03-09,28.91,28.91,28.91,28.91,0
2023-03-10,28.91,28.91,28.91,28.91,26
2023-03-13,28.91,28.91,28.91,28.91,0
2023-03-14,28.91,28.91,28.91,28.91,0
2023-03-15,28.91,28.91,28.91,28.91,0
2023-03-16,28.91,28.91,28.91,28.91,0
2023-03-17,28.91,28.91,28.91,28.91,0
2023-03-20,28.91,28.91,28.91,28.91,0
2023-03-21,28.91,28.91,28.91,28.91,0
2023-03-22,28.91,28.91,28.91,28.91,0
2023-03-23,28.91,28.91,28.91,28.91,0
2023-03-24,29.94,29.94,29.94,29.94,300
2023-03-27,32.86,32.86,32.86,32.86,102
2023-03-28,29.69,35.95,29.69,35.95,400
2023-03-29,35.95,39.04,35.95,39.04,200
2023-03-30,35.18,35.18,35.18,35.18,15200
2023-03-31,31.92,38.61,31.75,38.61,4200
2023-04-03,34.75,34.75,34.75,34.75,1100
2023-04-04,31.75,31.75,31.75,31.75,103
2023-04-05,31.75,31.75,31.75,31.75,68
2023-04-06,30.03,30.03,30.03,30.03,100
2023-04-07,30.03,30.03,30.03,30.03,0
2023-04-10,30.03,30.03,30.03,30.03,0
2023-04-11,30.03,30.03,30.03,30.03,0
2023-04-12,30.03,30.03,30.03,30.03,1
2023-04-13,30.03,30.12,30.03,30.12,200
2023-04-14,30.12,30.12,30.12,30.12,0
2023-04-17,30.12,30.12,30.12,30.12,0
2023-04-18,30.12,30.12,30.12,30.12,0
2023-04-19,30.12,30.12,30.12,30.12,0
2023-04-20,33.03,33.03,33.03,33.03,100
2023-04-21,29.77,29.77,29.77,29.77,160
2023-04-24,29.77,29.77,29.77,29.77,0
2023-04-25,29.77,29.77,29.77,29.77,10000
2023-04-26,29.77,29.77,29.77,29.77,3
2023-04-27,29.77,29.77,29.77,29.77,0
2023-04-28,29.77,29.77,29.77,29.77,0
2023-05-04,29.77,29.77,29.77,29.77,600
2023-05-05,29.77,29.77,29.77,29.77,0
2023-05-08,29.77,29.77,29.77,29.77,0
2023-05-09,29.77,29.77,29.77,29.77,0
2023-05-10,29.77,29.77,29.77,29.77,0
2023-05-11,29.77,29.77,29.77,29.77,0
2023-05-12,29.77,29.77,29.77,29.77,0
2023-05-15,31.66,31.66,31.66,31.66,204
2023-05-16,31.66,31.66,31.66,31.66,0
2023-05-17,28.74,28.74,28.74,28.74,110
2023-05-18,28.74,28.74,28.74,28.74,0
2023-05-19,31.49,31.49,31.49,31.49,200
2023-05-22,28.4,28.4,28.4,28.4,100
2023-05-23,31.23,31.23,31.23,31.23,1100
2023-05-24,28.23,28.23,28.23,28.23,100
2023-05-25,26.08,30.97,25.48,30.97,1600
2023-05-26,27.97,29.94,27.97,29.94,400
2023-05-29,29.94,29.94,27.46,29.94,600
2023-05-30,29.94,29.94,29.94,29.94,100
2023-05-31,29.94,29.94,29.94,29.94,200
2023-06-01,29.94,29.94,29.94,29.94,100
2023-06-02,29.17,29.17,29.17,29.17,100
2023-06-05,29.17,29.17,29.17,29.17,0
2023-06-06,26.43,29.17,26.43,29.17,400
2023-06-07,28.31,28.31,28.31,28.31,200
2023-06-08,30.8,30.8,30.8,30.8,100
2023-06-09,27.88,27.88,27.88,27.88,100
2023-06-12,27.88,27.88,27.88,27.88,0
2023-06-13,27.88,27.88,27.88,27.88,0
2023-06-14,28.31,28.31,28.31,28.31,100
2023-06-15,28.31,28.31,28.31,28.31,0
2023-06-16,25.57,28.31,25.57,28.31,200
2023-06-19,28.31,28.31,28.31,28.31,0
2023-06-20,29.94,29.94,29.94,29.94,100
2023-06-21,27.11,31.66,27.11,31.66,400
2023-06-22,28.66,33.46,28.66,33.46,400
2023-06-23,30.12,33.38,30.12,33.38,200
2023-06-26,30.12,33.29,30.12,33.29,200
2023-06-27,30.03,30.03,30.03,30.03,100
2023-06-28,33.03,33.03,33.03,33.03,100
2023-06-29,29.86,34.23,29.86,33.89,300
2023-06-30,30.54,37.24,30.54,37.24,2500
2023-07-03,33.55,33.55,33.55,33.55,100
2023-07-04,30.2,30.2,30.2,30.2,300
2023-07-05,27.54,27.54,27.2,27.2,2000
2023-07-06,27.2,27.2,27.2,27.2,99
2023-07-07,27.2,27.2,27.2,27.2,0
2023-07-10,24.71,24.71,24.71,24.71,107
2023-07-11,27.11,27.11,27.11,27.11,400
2023-07-12,29.43,29.43,27.11,29.43,391
2023-07-13,26.77,26.77,26.77,26.77,100
2023-07-14,26.77,26.77,26.77,26.77,0
2023-07-17,26.77,26.77,26.77,26.77,0
2023-07-18,28.78,29.39,28.78,29.39,2705
2023-07-19,30.18,32.1,30.18,32.1,300
2023-07-20,32.1,32.1,32.1,32.1,0
2023-07-21,30.27,30.27,30.27,30.27,100
2023-07-24,30.27,30.27,30.27,30.27,0
2023-07-25,30.27,30.27,30.27,30.27,0
2023-07-26,30.27,30.27,30.27,30.27,0
2023-07-27,30.27,30.27,30.27,30.27,0
2023-07-28,30.27,30.27,30.27,30.27,3000
2023-07-31,30.27,30.27,30.27,30.27,7
2023-08-01,30.62,30.62,30.62,30.62,400
2023-08-02,30.62,30.62,30.62,30.62,0
2023-08-03,30.62,30.62,30.62,30.62,0
2023-08-04,30.62,30.62,30.62,30.62,0
2023-08-07,30.62,30.62,30.62,30.62,0
2023-08-08,30.62,30.62,30.62,30.62,5
2023-08-09,30.62,30.62,30.62,30.62,0
2023-08-10,30.62,30.62,30.62,30.62,0
2023-08-11,30.62,30.62,30.62,30.62,0
2023-08-14,30.62,30.62,30.62,30.62,1002
2023-08-15,30.62,30.62,30.62,30.62,0
2023-08-16,30.62,30.62,30.62,30.62,0
2023-08-17,30.62,30.62,30.62,30.62,0
2023-08-18,30.62,30.62,30.62,30.62,2
2023-08-21,30.62,30.62,30.62,30.62,0
2023-08-22,30.62,30.62,30.62,30.62,0
2023-08-23,30.62,30.62,30.62,30.62,0
2023-08-24,30.62,30.62,30.62,30.62,0
2023-08-25,30.62,30.62,30.62,30.62,0
2023-08-28,30.62,30.62,30.62,30.62,1
2023-08-29,30.62,30.62,30.62,30.62,0
2023-08-30,30.62,30.62,30.62,30.62,0
2023-08-31,30.62,30.62,30.18,30.18,1101
2023-09-05,28.87,28.87,28.87,28.87,100
2023-09-06,28.87,28.87,28.87,28.87,0
2023-09-07,28.87,28.87,28.87,28.87,0
2023-09-08,28.87,28.87,28.87,28.87,0
2023-09-11,28.87,28.87,28.87,28.87,0
2023-09-12,28.87,28.87,28.87,28.87,0
2023-09-13,28.87,28.87,28.87,28.87,3
2023-09-14,28.87,28.87,28.87,28.87,0
2023-09-15,28.87,28.87,28.87,28.87,0
2023-09-18,28.87,28.87,28.87,28.87,0
2023-09-19,28.87,28.87,28.87,28.87,60
2023-09-20,31.76,31.76,31.76,31.76,160
2023-09-21,28.69,28.69,28.69,28.69,100
2023-09-22,28.69,31.49,28.69,31.49,300
2023-09-25,28.52,34.55,28.52,34.55,200
2023-09-26,34.55,34.55,34.55,34.55,0
2023-09-27,34.55,34.55,34.55,34.55,0
2023-09-28,37.88,37.88,37.88,37.88,2900
2023-09-29,41.55,41.55,41.55,41.55,7700
2023-10-02,41.55,41.55,41.55,41.55,10
2023-10-03,41.55,41.55,41.55,41.55,0
2023-10-04,41.55,41.55,41.55,41.55,0
2023-10-05,41.12,41.12,41.12,41.12,200
2023-10-06,41.12,41.12,41.12,41.12,10
2023-10-09,41.12,41.12,41.12,41.12,5
2023-10-10,41.12,41.12,41.12,41.12,1
2023-10-11,41.12,41.12,41.12,41.12,1
2023-10-12,41.12,41.12,41.12,41.12,0
2023-10-13,37.0,37.0,37.0,37.0,100
2023-10-16,33.33,33.33,33.33,33.33,300
2023-10-17,33.33,33.33,33.33,33.33,0
2023-10-18,30.09,36.65,30.01,30.09,4100
2023-10-19,29.74,29.74,29.74,29.74,6600
2023-10-20,29.74,29.74,29.74,29.74,3
2023-10-23,27.21,30.62,27.21,30.62,200
2023-10-24,27.64,27.64,27.64,27.64,100
2023-10-25,27.12,27.99,27.12,27.56,4088
2023-10-26,27.56,27.56,27.56,27.56,0
2023-10-27,29.66,29.66,29.66,29.66,118
2023-10-30,27.29,32.37,27.12,27.21,1501
2023-10-31,27.21,27.21,27.21,27.21,600
2023-11-01,27.21,27.21,27.21,27.21,7
2023-11-02,27.56,29.57,27.56,28.87,300
2023-11-03,26.51,26.51,26.51,26.51,112
2023-11-06,28.87,28.87,28.87,28.87,128
2023-11-07,26.68,26.86,26.68,26.86,200
2023-11-08,26.86,26.86,26.59,26.59,400
2023-11-09,26.59,26.59,26.59,26.59,0
2023-11-10,27.22,27.22,27.22,27.22,100
2023-11-13,27.22,27.22,27.22,27.22,0
2023-11-14,29.72,29.72,29.72,29.72,121
2023-11-15,29.72,29.72,29.72,29.72,0
2023-11-16,27.22,27.22,27.22,27.22,100
2023-11-17,27.22,27.22,27.22,27.22,0
2023-11-20,27.22,27.22,27.22,27.22,0
2023-11-21,29.36,29.36,29.36,29.36,100
2023-11-22,27.13,30.25,27.13,30.25,200
2023-11-23,27.49,27.49,27.49,27.49,100
2023-11-24,27.49,29.27,25.43,26.77,2500
2023-11-27,29.45,29.45,29.36,29.36,710
2023-11-28,29.36,29.36,29.36,29.36,12
2023-11-29,27.31,27.75,27.31,27.75,500
2023-11-30,29.36,29.45,29.36,29.45,2700
2023-12-01,29.45,29.45,29.45,29.45,0
2023-12-04,27.22,30.34,27.22,30.34,5205
2023-12-05,30.34,30.34,30.34,30.34,0
2023-12-06,30.34,30.34,30.34,30.34,0
2023-12-07,30.34,30.34,30.34,30.34,0
2023-12-08,30.34,30.34,30.34,30.34,0
2023-12-11,30.34,30.34,27.84,27.84,901
2023-12-12,28.56,29.89,28.56,29.45,1100
2023-12-13,29.45,29.45,29.45,29.45,1
2023-12-14,29.45,29.45,29.45,29.45,0
2023-12-15,30.25,30.25,30.25,30.25,100
2023-12-18,29.45,33.02,29.45,33.02,16300
2023-12-19,33.02,33.02,33.02,33.02,100
2023-12-20,31.23,33.02,31.23,33.02,10100
2023-12-21,33.02,33.02,33.02,33.02,0
2023-12-22,35.69,35.69,30.34,35.69,3300
2023-12-25,37.48,37.48,37.48,37.48,4000
2023-12-26,37.48,38.82,34.62,38.82,5900
2023-12-27,35.25,36.59,34.98,36.59,1166
2023-12-28,39.71,39.71,39.71,39.71,7100
2023-12-29,39.71,39.71,39.71,39.71,20000
2024-01-02,39.71,39.71,39.71,39.71,0
2024-01-03,39.71,39.71,39.71,39.71,2
2024-01-04,39.71,39.71,39.71,39.71,0
2024-01-05,39.71,39.71,39.71,39.71,0
2024-01-08,35.78,35.78,35.78,35.78,116
2024-01-09,32.21,32.57,32.21,32.57,500
2024-01-10,32.57,32.57,32.57,32.57,0
2024-01-11,29.36,29.36,29.36,29.36,123
2024-01-12,29.36,29.36,29.36,29.36,0
2024-01-15,29.36,29.36,29.36,29.36,0
2024-01-16,29.36,29.36,29.36,29.36,4
2024-01-17,27.22,27.22,27.22,27.22,100
2024-01-18,27.66,29.45,27.66,29.45,211
2024-01-19,29.45,29.45,29.45,29.45,43
2024-01-22,29.45,29.45,29.45,29.45,0
2024-01-23,27.49,27.49,27.49,27.49,100
2024-01-24,29.45,29.45,29.45,29.45,200
2024-01-25,27.49,29.45,27.49,29.45,210
2024-01-26,27.66,27.66,27.66,27.66,100
2024-01-29,27.66,27.66,27.66,27.66,0
2024-01-30,30.34,30.34,30.34,30.34,170210
2024-01-31,27.75,27.75,27.75,27.75,100
2024-02-01,27.75,27.75,27.75,27.75,0
2024-02-02,27.75,27.75,27.75,27.75,0
2024-02-05,27.49,30.34,27.49,30.34,4800
2024-02-06,29.45,29.45,29.45,29.45,700
2024-02-07,32.39,32.39,31.23,31.23,601
2024-02-15,31.23,31.23,31.23,31.23,0
2024-02-16,28.38,30.34,28.38,29.45,22500
2024-02-19,29.45,29.45,29.45,29.45,0
2024-02-20,29.45,29.45,29.45,29.45,1000
2024-02-21,29.45,29.45,29.27,29.36,5300
2024-02-22,32.04,32.04,28.65,31.95,10000
2024-02-23,31.95,31.95,31.95,31.95,0
2024-02-26,31.95,31.95,31.95,31.95,2
2024-02-27,28.82,29.89,28.82,29.45,13307
2024-02-28,32.21,32.21,29.45,30.7,4201
2024-02-29,28.91,30.25,28.91,30.25,200
2024-03-01,32.21,32.21,32.21,32.21,100
2024-03-04,29.0,30.25,29.0,29.45,9650
2024-03-05,29.45,29.45,29.36,29.36,303
2024-03-06,29.45,29.45,29.36,29.45,1704
2024-03-07,29.45,29.89,29.45,29.45,4100
2024-03-08,29.36,29.36,29.36,29.36,2800
2024-03-11,29.45,29.45,29.45,29.45,5800
2024-03-12,28.65,30.61,28.65,30.61,220
2024-03-13,30.61,30.61,28.65,30.52,1004
2024-03-14,29.45,30.34,29.45,30.34,800
2024-03-15,30.79,31.14,29.72,30.34,9300
2024-03-18,30.34,30.79,30.16,30.34,9500
2024-03-19,30.16,30.79,30.16,30.79,400
2024-03-20,30.34,30.79,30.34,30.34,4904
2024-03-21,30.34,31.23,30.34,30.61,23300
2024-03-22,31.23,31.23,30.7,30.7,7511
2024-03-25,31.23,31.5,31.05,31.5,10007
2024-03-26,32.57,32.57,32.04,32.04,2502
2024-03-27,32.04,32.04,30.39,31.4,4300
2024-03-28,29.56,31.4,28.82,30.75,1201
2024-03-29,30.57,31.21,30.2,31.21,26001
2024-04-01,30.29,31.21,30.29,31.21,5100
2024-04-02,30.29,30.29,30.29,30.29,500
2024-04-03,30.2,30.57,30.2,30.57,1213
2024-04-04,30.57,30.57,30.48,30.48,204
2024-04-05,30.48,30.48,30.48,30.48,701
2024-04-08,30.48,30.48,30.48,30.48,0
2024-04-09,29.38,29.47,29.38,29.38,2500
2024-04-10,29.38,29.83,29.38,29.74,7700
2024-04-11,29.74,29.74,29.74,29.74,0
2024-04-12,29.74,31.95,29.74,31.95,1100
2024-04-15,29.47,29.47,29.47,29.47,114
2024-04-16,30.29,30.29,30.29,30.29,24600
2024-04-17,30.29,31.12,30.29,31.12,10237
2024-04-19,31.12,31.12,31.12,31.12,0
2024-04-22,29.19,31.03,29.19,31.03,2100
2024-04-23,29.1,29.1,29.1,29.1,100
2024-04-24,31.21,31.21,29.65,29.65,200
2024-04-25,29.65,29.65,29.65,29.65,0
2024-04-26,29.65,29.65,29.65,29.65,8000
2024-05-02,29.65,32.04,29.65,32.04,2214
2024-05-03,29.38,32.31,29.38,30.02,5200
2024-05-06,30.02,31.85,30.02,31.85,302
2024-05-07,29.56,30.29,29.56,30.29,2100
2024-05-08,30.75,30.75,30.75,30.75,100
2024-05-09,30.29,30.29,30.29,30.29,3503
2024-05-10,29.56,29.74,29.56,29.74,600
2024-05-13,29.74,29.83,29.74,29.83,3000
2024-05-14,29.93,31.21,29.93,30.02,4211
2024-05-15,30.02,30.02,30.02,30.02,0
2024-05-16,30.29,30.29,30.29,30.29,4000
2024-05-17,30.75,30.75,30.75,30.75,200
2024-05-20,30.75,30.75,30.75,30.75,0
2024-05-21,29.47,29.47,29.47,29.47,101
2024-05-22,29.56,29.83,29.56,29.56,10700
2024-05-23,29.56,29.74,29.56,29.74,3100
2024-05-24,29.74,30.29,29.56,30.29,3201
2024-05-27,29.38,29.83,29.38,29.47,1916
2024-05-28,29.47,30.2,29.47,30.11,2180
2024-05-29,30.11,30.11,30.02,30.02,1239
2024-05-30,32.5,32.5,31.49,31.49,371
2024-05-31,31.4,31.4,29.93,29.93,2702
2024-06-03,30.29,32.04,30.02,31.21,1911
2024-06-04,31.21,31.21,31.21,31.21,0
2024-06-05,30.94,31.12,30.11,30.29,4800
2024-06-06,31.12,31.12,31.12,31.12,362
2024-06-07,31.03,31.12,29.93,29.93,400
2024-06-10,31.4,31.67,31.4,31.67,11200
2024-06-11,31.67,31.67,30.29,31.67,8612
2024-06-12,31.67,31.67,31.67,31.67,0
2024-06-13,30.29,30.57,30.29,30.57,4501
2024-06-14,30.57,30.57,30.57,30.57,1000
2024-06-17,30.02,30.29,29.47,29.65,5878
2024-06-18,29.93,29.93,29.93,29.93,100
2024-06-19,30.39,30.75,30.39,30.75,400
2024-06-20,30.57,30.75,30.57,30.75,2300
2024-06-21,30.75,30.75,30.75,30.75,1210
2024-06-24,30.75,30.75,30.75,30.75,0
2024-06-25,30.75,30.75,30.75,30.75,0
2024-06-26,30.57,30.57,30.57,30.57,505
2024-06-27,30.75,30.75,30.75,30.75,801
2024-06-28,30.84,33.78,30.84,33.32,16100
2024-07-01,30.57,30.57,30.57,30.57,300
2024-07-02,30.75,30.75,30.75,30.75,200
2024-07-03,33.05,33.05,33.05,33.05,3000
2024-07-04,33.05,33.05,33.05,33.05,1
2024-07-05,30.84,30.84,30.84,30.84,300
2024-07-08,30.84,30.84,30.84,30.84,100
2024-07-09,30.84,30.84,30.84,30.84,400
2024-07-10,30.84,30.84,30.84,30.84,0
2024-07-11,30.57,30.66,30.57,30.66,601
2024-07-12,30.94,30.94,30.94,30.94,413
2024-07-15,30.94,30.94,30.94,30.94,0
2024-07-16,30.84,30.84,30.84,30.84,3100
2024-07-17,30.84,30.84,30.84,30.84,0
2024-07-18,30.84,30.84,30.84,30.84,1300
2024-07-19,30.84,30.84,30.84,30.84,0
2024-07-22,30.94,30.94,30.94,30.94,200
2024-07-23,30.94,30.94,30.94,30.94,0
2024-07-24,30.94,30.94,30.94,30.94,200
2024-07-25,30.94,30.94,30.94,30.94,0
2024-07-26,31.03,31.03,30.94,30.94,1000
2024-07-29,32.13,32.13,32.13,32.13,100
2024-07-30,32.13,32.13,32.13,32.13,0
2024-07-31,32.13,32.13,32.13,32.13,0
2024-08-01,32.13,32.13,32.13,32.13,0
2024-08-02,32.13,32.13,32.13,32.13,0
2024-08-05,30.75,30.84,30.29,30.29,2640
2024-08-06,30.29,30.29,30.29,30.29,98
2024-08-07,30.29,30.29,30.29,30.29,0
2024-08-08,30.29,30.29,30.29,30.29,0
2024-08-09,32.04,32.04,31.49,31.49,200
2024-08-12,31.21,31.21,31.21,31.21,501
2024-08-13,31.21,31.21,31.21,31.21,900
2024-08-14,31.21,31.21,31.21,31.21,0
2024-08-15,31.21,31.21,31.21,31.21,0
2024-08-16,30.29,30.75,30.29,30.75,1600
2024-08-19,30.29,30.29,30.29,30.29,120
2024-08-20,30.29,30.29,30.29,30.29,50
2024-08-21,30.29,30.75,30.29,30.39,7000
2024-08-22,31.95,31.95,30.39,30.39,400
2024-08-23,30.39,30.39,30.39,30.39,0
2024-08-26,30.57,30.57,30.57,30.57,188
2024-08-27,30.48,30.48,30.39,30.39,200
2024-08-28,30.39,30.39,30.39,30.39,0
2024-08-29,30.75,32.04,30.48,30.48,1200
2024-08-30,31.76,31.76,31.76,31.76,100
2024-09-04,30.57,30.57,30.57,30.57,100
2024-09-05,30.75,30.75,30.75,30.75,2001
2024-09-06,30.75,30.75,30.75,30.75,0
2024-09-09,31.76,31.76,31.76,31.76,100
2024-09-10,29.19,30.84,28.64,30.84,2000
2024-09-11,31.31,31.31,31.31,31.31,1000
2024-09-12,31.31,31.97,31.13,31.97,700
2024-09-13,34.96,34.96,34.96,34.96,101
2024-09-16,31.5,31.5,31.5,31.5,3346
2024-09-17,31.31,31.5,31.31,31.5,600
2024-09-18,31.5,31.5,31.5,31.5,0
2024-09-19,31.31,31.31,31.31,31.31,300
2024-09-20,31.31,31.31,31.31,31.31,20
2024-09-23,31.31,31.31,31.31,31.31,0
2024-09-24,31.59,31.59,31.59,31.59,200
2024-09-25,31.69,31.97,31.69,31.69,1700
2024-09-26,32.25,32.25,31.22,32.25,1000
2024-09-27,32.25,32.25,32.25,32.25,0
2024-09-30,32.53,35.43,32.53,33.65,6900
2024-10-01,30.85,30.85,30.85,30.85,100
2024-10-02,31.59,31.59,31.59,31.59,200
2024-10-03,31.59,31.59,31.59,31.59,0
2024-10-04,31.59,31.59,31.59,31.59,0
2024-10-07,31.59,31.59,31.59,31.59,0
2024-10-08,31.5,31.5,31.5,31.5,2100
2024-10-09,31.5,31.5,31.5,31.5,0
2024-10-10,31.5,31.5,31.5,31.5,0
2024-10-11,31.5,31.5,31.5,31.5,0
2024-10-14,31.31,31.31,30.85,31.31,166602
2024-10-15,31.31,31.41,30.85,31.31,274000
2024-10-16,31.22,31.31,30.85,30.94,272100
2024-10-17,30.94,31.13,30.75,30.85,665600
2024-10-18,30.85,30.85,30.0,30.0,357300
2024-10-21,30.0,30.28,30.0,30.0,17500
2024-10-22,30.0,30.0,30.0,30.0,2000
2024-10-23,29.91,30.0,29.91,29.91,2001
2024-10-24,29.91,29.91,29.44,29.44,2101
2024-10-25,29.44,29.44,29.44,29.44,5400
2024-10-28,30.75,30.75,29.07,29.82,3200
2024-10-29,29.07,29.82,29.07,29.82,3200
2024-10-30,29.35,29.35,29.35,29.35,100
2024-10-31,30.47,30.47,29.82,29.82,800
2024-11-01,32.62,32.62,32.62,32.62,102
2024-11-04,32.62,32.62,32.62,32.62,0
2024-11-05,32.62,32.62,32.62,32.62,7
2024-11-06,32.62,32.62,32.62,32.62,0
2024-11-07,32.62,32.62,32.62,32.62,0
2024-11-08,29.72,29.72,29.44,29.54,901
2024-11-11,30.85,30.85,29.54,29.54,1500
2024-11-12,30.75,30.75,30.75,30.75,100
2024-11-13,30.75,30.75,30.75,30.75,0
2024-11-14,30.75,30.75,30.75,30.75,0
2024-11-15,30.75,30.75,30.75,30.75,0
2024-11-18,30.08,30.66,29.61,30.47,5100
2024-11-19,30.47,30.47,30.47,30.47,75
2024-11-20,30.47,30.47,30.47,30.47,0
2024-11-21,31.32,31.32,31.32,31.32,100
2024-11-22,31.32,31.32,31.32,31.32,0
2024-11-25,31.32,31.32,31.32,31.32,0
2024-11-26,31.32,31.32,31.32,31.32,0
2024-11-27,30.94,30.94,30.94,30.94,102
2024-11-28,30.94,30.94,30.94,30.94,1007
2024-11-29,30.94,30.94,30.94,30.94,0
2024-12-02,30.94,30.94,30.75,30.85,400
2024-12-03,30.85,30.85,30.85,30.85,1
2024-12-04,30.85,30.85,30.85,30.85,4
2024-12-05,30.85,30.85,30.85,30.85,0
2024-12-06,30.85,30.85,30.85,30.85,1
2024-12-09,30.85,30.85,30.85,30.85,1
2024-12-10,31.23,31.23,31.23,31.23,100
2024-12-11,31.23,31.23,31.23,31.23,0
2024-12-12,29.13,29.13,29.13,29.13,160
2024-12-13,31.99,31.99,29.13,31.32,3200
2024-12-16,31.32,31.32,31.32,31.32,0
2024-12-17,31.32,31.32,31.32,31.32,46
2024-12-18,31.32,31.32,31.32,31.32,0
2024-12-19,29.51,31.23,29.13,31.23,300
2024-12-20,31.23,31.23,31.23,31.23,0
2024-12-23,31.23,31.23,31.23,31.23,5
2024-12-24,29.13,31.13,29.13,31.13,4235
2024-12-25,31.13,31.13,31.13,31.13,0
2024-12-26,29.51,29.51,28.85,29.51,8600
2024-12-27,31.23,31.23,31.23,31.23,100
2024-12-30,29.89,31.13,29.89,31.13,66800
2024-12-31,33.32,33.32,33.32,33.32,13025
2025-01-02,32.85,32.85,32.85,32.85,100
2025-01-03,29.7,29.7,29.7,29.7,100
2025-01-06,32.66,32.66,29.7,29.7,10200
2025-01-07,29.8,29.8,29.7,29.7,4200
2025-01-08,29.13,29.13,29.13,29.13,100
2025-01-09,29.51,31.7,29.13,31.7,3500
2025-01-10,29.61,31.42,29.61,31.42,203
2025-01-13,31.42,31.42,31.42,31.42,0
2025-01-14,30.94,30.94,29.23,30.18,1200
2025-01-15,30.75,30.75,30.47,30.47,1400
2025-01-16,31.32,31.32,30.37,30.37,300
2025-01-17,30.85,30.85,30.85,30.85,100
2025-01-20,30.66,30.66,30.66,30.66,100
2025-01-21,30.66,30.66,30.66,30.66,0
2025-01-22,29.23,30.47,29.23,30.47,1100
2025-01-23,29.23,30.18,29.23,30.18,3900
2025-01-24,30.18,30.18,30.18,30.18,0
2025-02-03,29.99,30.28,29.23,30.28,3100
2025-02-04,29.99,29.99,29.99,29.99,801
2025-02-05,29.89,29.89,29.7,29.7,800
2025-02-06,29.7,29.7,29.7,29.7,0
2025-02-07,29.7,29.7,29.7,29.7,1000
2025-02-10,29.61,29.61,29.32,29.32,1300
2025-02-11,29.51,29.51,29.51,29.51,100
2025-02-12,29.51,29.61,29.51,29.61,1900
2025-02-13,29.61,29.61,29.61,29.61,100
2025-02-14,29.61,29.61,29.61,29.61,1000
2025-02-17,29.61,29.61,29.51,29.61,500
2025-02-18,29.61,29.61,29.61,29.61,613
2025-02-19,29.7,29.7,29.7,29.7,1000
2025-02-20,29.61,29.7,29.61,29.7,700
2025-02-21,29.7,29.7,29.7,29.7,1900
2025-02-24,29.7,29.7,29.7,29.7,41
2025-02-25,29.8,29.8,29.23,29.51,1210
2025-02-26,29.61,29.61,29.32,29.61,500
2025-02-27,29.32,29.32,29.32,29.32,100
2025-02-28,29.61,29.61,29.51,29.51,2500
2025-03-03,29.51,29.51,29.51,29.51,200
2025-03-04,29.89,32.46,29.89,32.46,1300
2025-03-05,32.46,32.46,32.46,32.46,0
2025-03-06,32.46,32.46,32.46,32.46,0
2025-03-07,32.46,32.46,32.46,32.46,0
2025-03-10,32.46,32.46,32.46,32.46,0
2025-03-11,32.46,32.46,32.46,32.46,0
2025-03-12,32.46,32.46,32.46,32.46,0
2025-03-13,32.46,32.46,32.46,32.46,0
2025-03-14,32.27,32.27,30.94,32.18,1100
2025-03-17,32.08,32.08,29.8,30.47,10809
2025-03-18,30.47,32.37,29.99,32.37,6509
2025-03-19,29.7,31.8,29.7,31.8,200
2025-03-20,31.8,31.8,31.8,31.8,0
2025-03-21,31.42,31.42,29.23,29.23,700
2025-03-24,30.08,30.08,30.08,30.08,143
2025-03-25,32.94,32.94,30.28,30.28,201
2025-03-26,29.99,29.99,29.99,29.99,100
2025-03-27,30.08,32.18,30.08,30.94,1520
2025-03-28,31.83,31.83,31.83,31.83,100
2025-03-31,30.25,30.25,30.25,30.25,5801
2025-04-01,30.16,33.1,30.16,32.22,1700
2025-04-02,30.45,31.63,30.45,31.63,2220
2025-04-03,29.57,31.34,28.49,30.16,2700
2025-04-04,30.06,30.06,30.06,30.06,600
2025-04-08,32.32,32.32,29.67,29.67,600
2025-04-09,30.35,30.35,30.35,30.35,100
2025-04-10,29.96,29.96,29.96,29.96,2205
2025-04-11,29.96,29.96,29.96,29.96,0
2025-04-14,27.8,29.86,27.8,28.0,403
2025-04-15,29.86,29.86,28.29,29.57,2900
2025-04-16,27.9,28.09,27.9,28.09,701
2025-04-17,28.09,28.09,28.09,28.09,200
2025-04-18,28.78,28.88,28.78,28.78,601
2025-04-21,29.67,29.67,29.67,29.67,100
2025-04-22,29.67,29.67,29.67,29.67,0
2025-04-23,29.67,29.67,29.67,29.67,0
2025-04-24,29.27,30.35,29.17,30.35,501
2025-04-25,29.47,29.47,29.47,29.47,500
2025-04-28,30.16,30.16,29.47,29.76,300
2025-04-29,29.76,29.76,29.76,29.76,0
2025-05-05,29.76,29.76,29.76,29.76,0
2025-05-06,32.32,32.32,32.32,32.32,100
2025-05-07,29.17,29.17,29.17,29.17,21313
2025-05-08,29.17,29.17,29.17,29.17,100
2025-05-09,28.58,28.58,28.49,28.49,200
2025-05-12,29.17,29.17,29.17,29.17,13500
2025-05-13,29.17,29.17,29.17,29.17,0
2025-05-14,27.6,27.6,27.6,27.6,100
2025-05-15,27.6,27.6,27.6,27.6,0
2025-05-16,29.37,29.37,29.37,29.37,100
2025-05-19,29.37,29.37,29.37,29.37,0
2025-05-20,29.27,29.27,29.27,29.27,100
2025-05-21,27.7,28.0,27.7,28.0,600
2025-05-22,29.17,29.17,28.88,28.88,472
2025-05-23,28.88,28.88,28.88,28.88,0
2025-05-26,28.09,28.09,28.09,28.09,100
2025-05-27,28.09,28.09,27.41,27.41,1600
2025-05-28,28.88,28.88,28.88,28.88,110
2025-05-29,28.88,28.88,28.88,28.88,10
2025-05-30,28.88,28.88,28.88,28.88,6
2025-06-02,28.88,28.88,28.88,28.88,1
2025-06-03,28.88,28.88,28.88,28.88,0
2025-06-04,28.88,28.88,27.9,27.9,1500
2025-06-05,27.9,27.9,27.9,27.9,1000
2025-06-06,27.9,27.9,27.9,27.9,1
2025-06-09,29.08,29.08,29.08,29.08,100
2025-06-10,29.08,29.08,29.08,29.08,0
2025-06-11,29.08,29.08,29.08,29.08,0
2025-06-12,29.08,29.08,29.08,29.08,0
2025-06-13,29.76,29.76,29.76,29.76,100
2025-06-16,27.7,27.7,27.7,27.7,800
2025-06-17,28.88,28.88,28.88,28.88,200
2025-06-18,28.88,28.88,28.88,28.88,11
2025-06-19,28.88,28.88,28.88,28.88,0
2025-06-20,28.88,28.88,28.88,28.88,0
2025-06-23,28.88,28.88,28.88,28.88,0
2025-06-24,29.47,29.47,29.47,29.47,100
2025-06-25,29.47,29.47,29.47,29.47,0
2025-06-26,29.47,29.47,29.47,29.47,0
2025-06-27,29.27,29.27,27.01,27.01,11200
2025-06-30,26.13,26.13,26.13,26.13,5900
2025-07-01,28.39,28.58,26.33,26.42,10300
2025-07-02,28.88,28.88,26.23,26.33,5901
2025-07-03,28.58,28.68,28.39,28.68,6200
2025-07-04,29.37,29.37,29.37,29.37,100
2025-07-07,29.37,29.37,28.19,29.27,500
2025-07-08,28.19,28.19,28.19,28.19,200
2025-07-09,29.27,29.27,28.29,28.78,331
2025-07-10,28.49,29.08,27.5,28.68,7000
2025-07-11,28.29,28.29,28.19,28.19,400
2025-07-14,27.9,27.9,27.7,27.7,2300
2025-07-15,27.7,28.09,27.7,28.09,3801
2025-07-16,28.09,28.09,28.09,28.09,0
2025-07-17,28.09,28.09,28.09,28.09,103
2025-07-18,28.68,28.68,27.8,27.9,1500
2025-07-21,27.9,27.9,27.9,27.9,0
2025-07-22,28.39,28.39,27.7,27.7,400
2025-07-23,27.7,27.7,27.7,27.7,0
2025-07-24,27.7,27.7,27.7,27.7,0
2025-07-25,27.7,27.7,27.7,27.7,0
2025-07-28,27.7,27.8,27.7,27.8,5000
2025-07-29,27.8,27.8,27.8,27.8,100
2025-07-30,27.8,27.9,27.8,27.9,500
2025-07-31,27.9,27.9,27.9,27.9,0
2025-08-01,27.9,27.9,27.9,27.9,0
2025-08-04,27.9,27.9,27.9,27.9,0
2025-08-05,27.9,27.9,27.9,27.9,0
2025-08-06,28.0,28.0,27.9,28.0,600
2025-08-07,28.0,28.19,28.0,28.19,3201
2025-08-08,28.19,28.19,28.19,28.19,200
2025-08-11,27.7,27.7,27.7,27.7,5003
2025-08-12,28.49,28.49,28.39,28.39,200
2025-08-13,28.88,28.88,27.6,27.6,2900
2025-08-14,28.49,28.49,28.49,28.49,200
2025-08-15,28.49,28.49,28.49,28.49,200
2025-08-18,28.98,28.98,28.39,28.39,300
2025-08-19,29.47,29.47,29.47,29.47,101
2025-08-20,29.47,29.47,29.47,29.47,1
2025-08-21,29.27,29.27,29.27,29.27,100
2025-08-22,28.68,28.78,28.68,28.68,300
2025-08-25,28.78,28.78,28.78,28.78,100
2025-08-26,27.9,28.0,27.9,28.0,4200
2025-08-27,29.37,29.37,29.37,29.37,100
2025-08-28,29.37,29.37,29.37,29.37,0
2025-08-29,28.98,28.98,28.98,28.98,100
2025-09-03,29.17,29.17,29.17,29.17,1100
2025-09-04,29.47,29.47,28.98,28.98,905
2025-09-05,28.98,28.98,28.98,28.98,0
2025-09-08,28.49,28.49,28.49,28.49,133
2025-09-09,28.98,28.98,28.98,28.98,201
2025-09-10,28.98,28.98,28.98,28.98,0
2025-09-11,28.98,28.98,28.98,28.98,0
2025-09-12,28.98,28.98,28.98,28.98,0
2025-09-15,28.39,28.49,28.39,28.49,202
2025-09-16,28.19,28.49,28.19,28.49,1008
2025-09-17,29.37,29.37,29.37,29.37,102
2025-09-18,29.37,29.37,29.37,29.37,0
2025-09-19,29.37,29.37,29.37,29.37,0
2025-09-22,29.37,29.37,29.37,29.37,0
2025-09-23,29.37,29.37,29.37,29.37,0
2025-09-24,29.37,29.37,29.37,29.37,0
2025-09-25,29.37,29.37,29.37,29.37,0
2025-09-26,29.37,29.37,29.37,29.37,0
2025-09-29,29.37,29.37,29.37,29.37,3
2025-09-30,28.49,28.78,27.01,28.78,1700
2025-10-01,28.78,28.78,28.78,28.78,0
2025-10-02,28.78,28.78,28.78,28.78,4
2025-10-03,27.5,27.5,26.52,26.52,300
2025-10-06,28.98,28.98,27.11,28.98,1000
2025-10-07,29.27,29.27,29.27,29.27,102
2025-10-08,29.27,29.27,29.27,29.27,0
2025-10-09,29.27,29.27,29.27,29.27,200
2025-10-10,27.5,27.5,27.5,27.5,1200
2025-10-13,29.17,29.17,27.5,27.7,1400
2025-10-14,28.0,28.0,28.0,28.0,800
2025-10-15,28.0,28.0,28.0,28.0,0
2025-10-16,28.9,28.9,28.9,28.9,100
2025-10-17,28.9,28.9,28.9,28.9,0
2025-10-20,28.9,28.9,28.9,28.9,0
2025-10-21,28.6,28.6,28.0,28.0,630
2025-10-22,27.5,28.0,27.4,28.0,400
2025-10-23,28.0,28.0,28.0,28.0,0
2025-10-24,27.6,28.0,27.6,28.0,200
2025-10-27,29.3,29.3,29.3,29.3,100
2025-10-28,28.0,28.0,27.6,27.6,5400
2025-10-29,27.6,27.6,27.6,27.6,300
2025-10-30,28.7,28.7,28.4,28.4,200
2025-10-31,28.8,28.8,28.0,28.5,1700
2025-11-03,28.4,28.6,28.3,28.5,600
2025-11-06,28.2,28.7,27.1,28.6,1800
2025-11-13,28.5,28.5,28.5,28.5,200
2025-11-14,28.4,28.4,28.4,28.4,1000
