time,open,high,low,close,volume
2013-12-19,7.05,7.05,7.05,7.05,0
2013-12-20,7.05,7.05,7.05,7.05,0
2013-12-23,7.05,7.05,7.05,7.05,0
2013-12-24,7.05,7.05,7.05,7.05,0
2013-12-25,7.05,7.05,7.05,7.05,0
2013-12-26,7.05,7.05,7.05,7.05,0
2013-12-27,7.05,7.05,7.05,7.05,0
2013-12-30,7.05,7.05,7.05,7.05,0
2013-12-31,7.05,7.05,7.05,7.05,0
2014-01-02,7.05,7.05,7.05,7.05,32
2014-01-03,7.13,7.13,7.13,7.13,200
2014-01-06,7.22,7.22,7.22,7.22,100
2014-01-07,7.22,7.22,7.22,7.22,0
2014-01-08,7.22,7.22,7.22,7.22,100
2014-01-09,7.22,7.22,7.22,7.22,100
2014-01-10,7.22,7.22,7.22,7.22,0
2014-01-13,7.22,7.22,7.22,7.22,100
2014-01-14,7.22,7.22,7.22,7.22,100
2014-01-15,7.22,7.22,7.22,7.22,0
2014-01-16,7.22,7.22,7.22,7.22,0
2014-01-17,7.22,7.22,7.22,7.22,0
2014-01-20,7.22,7.22,7.22,7.22,0
2014-01-21,7.22,7.22,7.22,7.22,0
2014-01-22,7.22,7.22,7.22,7.22,0
2014-01-23,7.22,7.22,7.22,7.22,0
2014-01-24,7.22,7.22,7.22,7.22,0
2014-01-27,7.22,7.22,7.22,7.22,0
2014-02-06,7.93,7.93,7.93,7.93,100
2014-02-07,7.93,7.93,7.93,7.93,0
2014-02-10,7.93,7.93,7.93,7.93,0
2014-02-11,8.63,8.63,8.63,8.63,100
2014-02-12,8.63,8.63,8.63,8.63,0
2014-02-13,8.63,8.63,8.63,8.63,0
2014-02-14,8.63,8.63,8.63,8.63,0
2014-02-17,8.72,8.72,8.72,8.72,100
2014-02-18,8.37,9.25,8.37,9.25,400
2014-02-19,9.69,10.13,9.69,10.13,200
2014-02-20,10.13,10.13,10.13,10.13,0
2014-02-21,10.13,10.13,10.13,10.13,0
2014-02-24,10.13,10.13,10.13,10.13,0
2014-02-25,10.74,10.74,10.74,10.74,100
2014-02-26,11.45,11.45,11.45,11.45,1100
2014-02-27,12.51,12.51,12.51,12.51,110
2014-02-28,13.12,13.12,13.12,13.12,195
2014-03-03,13.12,13.12,13.12,13.12,0
2014-03-04,13.12,13.12,13.12,13.12,0
2014-03-05,13.12,13.12,13.12,13.12,100
2014-03-06,14.36,14.36,14.36,14.36,100
2014-03-07,12.95,15.41,12.95,15.41,217
2014-03-10,15.41,15.41,15.41,15.41,0
2014-03-11,13.92,13.92,13.92,13.92,300
2014-03-12,13.92,13.92,13.92,13.92,0
2014-03-13,13.21,13.21,13.21,13.21,200
2014-03-14,13.21,13.21,13.21,13.21,10
2014-03-17,13.21,13.21,13.21,13.21,0
2014-03-18,13.21,13.21,13.21,13.21,0
2014-03-19,11.89,11.89,11.89,11.89,100
2014-03-20,11.89,11.89,11.89,11.89,0
2014-03-21,10.74,10.74,10.74,10.74,300
2014-03-24,9.69,11.8,9.69,11.8,3454
2014-03-25,11.8,11.8,11.8,11.8,0
2014-03-26,11.8,11.8,11.8,11.8,0
2014-03-27,11.8,11.8,11.8,11.8,0
2014-03-28,10.66,10.66,10.66,10.66,500
2014-03-31,10.66,10.66,10.66,10.66,0
2014-04-01,9.69,11.27,9.69,11.27,1100
2014-04-02,12.24,12.24,12.24,12.24,115
2014-04-03,12.24,12.24,12.24,12.24,0
2014-04-04,12.24,12.24,12.24,12.24,0
2014-04-07,12.24,12.24,12.24,12.24,55
2014-04-08,12.24,12.24,12.24,12.24,0
2014-04-10,12.24,12.24,12.24,12.24,0
2014-04-11,12.24,12.24,12.24,12.24,0
2014-04-14,12.24,12.24,12.24,12.24,0
2014-04-15,12.24,12.24,12.24,12.24,0
2014-04-16,12.24,12.24,12.24,12.24,0
2014-04-17,11.1,11.1,11.1,11.1,1100
2014-04-18,11.1,11.1,11.1,11.1,0
2014-04-21,11.1,11.1,11.1,11.1,0
2014-04-22,11.1,11.1,11.1,11.1,0
2014-04-23,11.1,11.1,11.1,11.1,0
2014-04-24,10.04,11.01,10.04,11.01,800
2014-04-25,11.01,11.01,11.01,11.01,0
2014-04-28,11.01,11.01,11.01,11.01,0
2014-04-29,9.95,9.95,9.95,9.95,1000
2014-05-05,8.98,8.98,8.98,8.98,129
2014-05-06,9.86,9.86,8.98,8.98,1100
2014-05-07,8.98,8.98,8.98,8.98,0
2014-05-08,8.98,8.98,8.98,8.98,0
2014-05-09,8.1,8.1,8.1,8.1,105
2014-05-12,7.31,7.31,7.31,7.31,100
2014-05-13,7.22,7.22,6.61,6.61,500
2014-05-14,6.61,7.22,6.61,7.22,9910
2014-05-15,7.93,7.93,7.93,7.93,100
2014-05-16,8.72,8.72,8.72,8.72,100
2014-05-19,9.51,9.51,8.01,8.01,200
2014-05-20,8.01,8.01,8.01,8.01,0
2014-05-21,8.01,8.01,8.01,8.01,0
2014-05-22,7.22,7.22,7.22,7.22,105
2014-05-23,7.22,7.22,7.22,7.22,0
2014-05-26,7.93,7.93,7.93,7.93,110
2014-05-27,8.72,8.72,8.72,8.72,100
2014-05-28,7.93,8.81,7.93,8.81,800
2014-05-29,8.81,8.81,8.81,8.81,0
2014-05-30,8.01,8.01,8.01,8.01,200
2014-06-02,7.22,7.22,7.22,7.22,200
2014-06-03,6.61,7.93,6.52,7.93,500
2014-06-04,7.93,7.93,7.93,7.93,0
2014-06-05,8.63,8.63,8.63,8.63,100
2014-06-06,8.98,8.98,8.98,8.98,100
2014-06-09,9.25,9.25,9.25,9.25,100
2014-06-10,9.51,9.51,9.51,9.51,100
2014-06-11,9.51,9.51,9.51,9.51,0
2014-06-12,10.39,10.39,10.39,10.39,100
2014-06-13,11.36,11.36,11.36,11.36,100
2014-06-16,11.36,11.36,11.36,11.36,0
2014-06-17,11.36,11.36,11.36,11.36,30
2014-06-18,11.36,11.36,11.36,11.36,0
2014-06-19,12.33,12.33,10.3,10.3,200
2014-06-20,9.42,9.42,9.42,9.42,100
2014-06-23,8.63,8.63,8.63,8.63,206
2014-06-24,7.93,7.93,7.93,7.93,200
2014-06-25,7.93,7.93,7.93,7.93,0
2014-06-26,7.93,7.93,7.93,7.93,0
2014-06-27,7.93,7.93,7.93,7.93,0
2014-06-30,7.93,7.93,7.93,7.93,0
2014-07-01,7.93,7.93,7.93,7.93,0
2014-07-02,7.93,7.93,7.93,7.93,0
2014-07-03,7.93,7.93,7.93,7.93,0
2014-07-04,7.93,7.93,7.93,7.93,0
2014-07-07,7.84,8.45,7.49,8.45,2000
2014-07-08,7.66,8.63,7.66,8.63,2300
2014-07-09,8.63,8.63,8.63,8.63,0
2014-07-10,7.84,8.01,7.84,7.84,5400
2014-07-11,7.84,7.84,7.13,7.13,3531
2014-07-14,6.43,7.84,6.43,7.13,2100
2014-07-15,7.13,7.13,7.13,7.13,0
2014-07-16,7.84,7.84,7.05,7.05,2100
2014-07-17,7.05,7.05,7.05,7.05,500
2014-07-18,7.49,7.49,7.13,7.13,200
2014-07-21,7.13,7.13,7.13,7.13,0
2014-07-22,7.31,7.31,7.31,7.31,100
2014-07-23,7.31,7.31,7.31,7.31,0
2014-07-24,7.84,8.01,7.84,8.01,1100
2014-07-25,8.01,8.01,8.01,8.01,0
2014-07-28,7.84,7.93,7.84,7.93,431
2014-07-29,7.93,7.93,7.93,7.93,0
2014-07-30,7.93,7.93,7.93,7.93,0
2014-07-31,7.93,7.93,7.93,7.93,0
2014-08-01,7.93,7.93,7.93,7.93,0
2014-08-04,7.93,7.93,7.93,7.93,0
2014-08-05,7.93,7.93,7.93,7.93,0
2014-08-06,7.93,7.93,7.93,7.93,0
2014-08-07,7.4,7.4,7.4,7.4,100
2014-08-08,7.4,7.4,7.4,7.4,0
2014-08-11,7.4,7.4,7.4,7.4,0
2014-08-12,7.4,7.4,7.4,7.4,0
2014-08-13,7.4,7.4,7.4,7.4,0
2014-08-14,7.4,7.4,7.4,7.4,0
2014-08-15,7.4,7.4,7.4,7.4,0
2014-08-18,7.93,8.1,7.93,8.1,200
2014-08-19,8.1,8.1,8.1,8.1,0
2014-08-20,8.1,8.1,8.1,8.1,0
2014-08-21,8.1,8.1,8.1,8.1,0
2014-08-22,8.1,8.1,8.1,8.1,200
2014-08-25,8.1,8.1,8.1,8.1,0
2014-08-26,8.1,8.1,8.1,8.1,0
2014-08-27,8.1,8.1,8.1,8.1,0
2014-08-28,8.1,8.1,8.1,8.1,0
2014-08-29,8.1,8.1,8.1,8.1,0
2014-09-03,8.1,8.1,8.1,8.1,0
2014-09-04,8.1,8.1,8.1,8.1,0
2014-09-05,8.1,8.1,8.1,8.1,0
2014-09-08,7.49,7.49,7.49,7.49,100
2014-09-09,7.49,7.49,7.49,7.49,0
2014-09-10,7.49,7.49,7.49,7.49,1800
2014-09-11,7.49,7.49,7.49,7.49,0
2014-09-12,7.49,7.49,7.49,7.49,0
2014-09-15,7.49,7.49,7.49,7.49,0
2014-09-16,7.49,7.49,7.49,7.49,0
2014-09-17,7.49,7.57,7.49,7.57,4000
2014-09-18,7.57,7.57,7.57,7.57,0
2014-09-19,7.57,7.57,7.57,7.57,0
2014-09-22,7.57,7.57,7.57,7.57,0
2014-09-23,7.57,7.57,7.57,7.57,0
2014-09-24,7.57,7.57,7.57,7.57,0
2014-09-25,7.57,7.57,7.57,7.57,0
2014-09-26,7.57,7.57,7.57,7.57,0
2014-09-29,7.57,7.57,7.57,7.57,0
2014-09-30,7.93,8.28,7.93,8.28,2000
2014-10-01,8.28,8.28,8.28,8.28,74
2014-10-02,8.28,8.28,8.28,8.28,0
2014-10-03,8.28,8.28,8.28,8.28,0
2014-10-06,8.28,8.28,8.28,8.28,0
2014-10-07,7.57,7.57,7.57,7.57,742
2014-10-08,8.28,8.28,8.28,8.28,100
2014-10-09,8.28,8.28,8.28,8.28,0
2014-10-10,8.45,8.45,8.45,8.45,526
2014-10-13,8.45,8.45,8.45,8.45,0
2014-10-14,8.45,8.45,8.45,8.45,0
2014-10-15,8.45,8.45,8.45,8.45,0
2014-10-16,8.45,8.45,8.45,8.45,0
2014-10-17,8.45,8.45,8.45,8.45,0
2014-10-20,8.45,8.45,8.45,8.45,0
2014-10-21,8.45,8.45,8.45,8.45,0
2014-10-22,8.45,8.45,8.45,8.45,60
2014-10-23,8.45,8.45,8.45,8.45,0
2014-10-24,8.45,8.45,8.45,8.45,0
2014-10-27,8.45,8.45,8.45,8.45,0
2014-10-28,8.45,8.45,8.45,8.45,0
2014-10-29,8.45,8.45,8.45,8.45,0
2014-10-30,8.45,8.45,8.45,8.45,0
2014-10-31,8.45,8.45,8.45,8.45,100
2014-11-03,8.45,8.45,8.45,8.45,16
2014-11-04,8.45,8.45,8.45,8.45,0
2014-11-05,8.45,8.45,8.45,8.45,40
2014-11-06,8.45,8.45,8.45,8.45,0
2014-11-07,8.45,8.45,8.45,8.45,0
2014-11-10,8.45,8.45,8.45,8.45,0
2014-11-11,7.93,7.93,7.93,7.93,2038
2014-11-12,7.93,7.93,7.93,7.93,0
2014-11-13,7.93,7.93,7.93,7.93,0
2014-11-14,7.93,7.93,7.93,7.93,0
2014-11-17,7.93,7.93,7.93,7.93,6
2014-11-18,7.93,7.93,7.93,7.93,0
2014-11-19,7.93,7.93,7.93,7.93,6
2014-11-20,7.93,7.93,7.93,7.93,0
2014-11-21,7.93,7.93,7.93,7.93,0
2014-11-24,7.93,7.93,7.93,7.93,0
2014-11-25,7.93,7.93,7.93,7.93,0
2014-11-26,7.31,7.31,7.31,7.31,100
2014-11-27,7.31,7.31,7.31,7.31,0
2014-11-28,7.31,7.31,7.31,7.31,0
2014-12-01,7.31,7.31,7.31,7.31,0
2014-12-02,7.31,7.31,7.31,7.31,0
2014-12-03,8.01,8.01,8.01,8.01,100
2014-12-04,8.01,8.01,8.01,8.01,0
2014-12-05,8.01,8.01,8.01,8.01,57
2014-12-08,8.01,8.01,8.01,8.01,0
2014-12-09,8.01,8.01,8.01,8.01,0
2014-12-10,8.01,8.01,8.01,8.01,0
2014-12-11,8.01,8.01,8.01,8.01,0
2014-12-12,8.01,8.01,8.01,8.01,0
2014-12-15,8.01,8.01,8.01,8.01,0
2014-12-16,8.01,8.01,8.01,8.01,0
2014-12-17,8.01,8.01,8.01,8.01,0
2014-12-18,8.01,8.01,8.01,8.01,0
2014-12-19,8.01,8.01,8.01,8.01,0
2014-12-22,8.01,8.01,8.01,8.01,0
2014-12-23,8.01,8.01,8.01,8.01,0
2014-12-24,8.01,8.01,8.01,8.01,0
2014-12-25,8.01,8.01,8.01,8.01,0
2014-12-26,8.01,8.01,8.01,8.01,0
2014-12-29,8.01,8.01,8.01,8.01,0
2014-12-30,8.01,8.01,8.01,8.01,0
2014-12-31,8.01,8.01,8.01,8.01,0
2015-01-05,8.01,8.01,8.01,8.01,0
2015-01-06,8.01,8.01,8.01,8.01,0
2015-01-07,8.01,8.01,8.01,8.01,0
2015-01-08,7.49,7.49,7.49,7.49,100
2015-01-09,7.49,7.49,7.49,7.49,0
2015-01-12,7.49,7.49,7.49,7.49,0
2015-01-13,7.49,7.49,7.49,7.49,0
2015-01-14,7.49,7.49,7.49,7.49,0
2015-01-15,7.49,7.49,7.49,7.49,0
2015-01-16,7.49,7.49,7.49,7.49,0
2015-01-19,7.49,7.49,7.49,7.49,0
2015-01-20,7.49,7.49,7.49,7.49,0
2015-01-21,7.49,7.49,7.49,7.49,0
2015-01-22,7.49,7.49,7.49,7.49,0
2015-01-23,8.19,8.19,8.19,8.19,100
2015-01-26,8.19,8.19,8.19,8.19,0
2015-01-27,8.19,8.19,8.19,8.19,0
2015-01-28,8.19,8.19,8.19,8.19,0
2015-01-29,8.19,8.19,8.19,8.19,0
2015-01-30,8.19,8.19,8.19,8.19,0
2015-02-02,8.81,8.81,8.81,8.81,200
2015-02-03,8.81,8.81,8.81,8.81,0
2015-02-04,8.81,8.81,8.81,8.81,0
2015-02-05,8.81,8.81,8.81,8.81,0
2015-02-06,8.81,8.81,8.81,8.81,0
2015-02-09,8.81,8.81,8.81,8.81,0
2015-02-10,8.81,8.81,8.81,8.81,0
2015-02-11,8.81,8.81,8.81,8.81,0
2015-02-12,8.81,8.81,8.81,8.81,0
2015-02-13,8.81,8.81,8.81,8.81,0
2015-02-24,8.81,8.81,8.81,8.81,0
2015-02-25,8.81,8.81,8.81,8.81,0
2015-02-26,8.81,8.81,8.81,8.81,0
2015-02-27,8.81,8.81,8.81,8.81,0
2015-03-02,7.93,7.93,7.93,7.93,214
2015-03-03,7.93,7.93,7.93,7.93,0
2015-03-04,7.93,7.93,7.93,7.93,0
2015-03-05,7.93,7.93,7.93,7.93,0
2015-03-06,7.93,7.93,7.93,7.93,0
2015-03-09,7.93,7.93,7.93,7.93,0
2015-03-10,7.93,7.93,7.93,7.93,0
2015-03-11,7.93,7.93,7.93,7.93,0
2015-03-12,7.93,7.93,7.93,7.93,0
2015-03-13,7.93,7.93,7.93,7.93,0
2015-03-16,7.93,7.93,7.93,7.93,0
2015-03-17,7.93,7.93,7.93,7.93,0
2015-03-18,7.93,7.93,7.93,7.93,0
2015-03-19,7.93,7.93,7.93,7.93,0
2015-03-20,7.93,7.93,7.93,7.93,0
2015-03-23,7.93,7.93,7.93,7.93,0
2015-03-24,7.93,7.93,7.93,7.93,0
2015-03-25,7.93,7.93,7.93,7.93,0
2015-03-26,7.93,7.93,7.93,7.93,0
2015-03-27,7.93,7.93,7.93,7.93,0
2015-03-30,7.93,7.93,7.93,7.93,0
2015-03-31,7.93,7.93,7.93,7.93,0
2015-04-01,7.93,7.93,7.93,7.93,0
2015-04-02,7.49,7.49,7.49,7.49,125
2015-04-03,7.49,7.49,7.49,7.49,0
2015-04-06,7.49,7.49,7.49,7.49,10
2015-04-07,7.49,7.49,7.49,7.49,20
2015-04-08,7.49,7.49,7.49,7.49,0
2015-04-09,7.49,7.49,7.49,7.49,0
2015-04-10,7.49,7.49,7.49,7.49,0
2015-04-13,7.49,7.49,7.49,7.49,0
2015-04-14,7.49,7.49,7.49,7.49,0
2015-04-15,7.49,7.49,7.49,7.49,0
2015-04-16,7.49,7.49,7.49,7.49,0
2015-04-17,7.49,7.49,7.49,7.49,0
2015-04-20,7.49,7.49,7.49,7.49,0
2015-04-21,7.49,7.49,7.49,7.49,0
2015-04-22,7.49,7.49,7.49,7.49,0
2015-04-23,7.49,7.49,7.49,7.49,0
2015-04-24,7.49,7.49,7.49,7.49,0
2015-04-27,7.49,7.49,7.49,7.49,0
2015-05-04,7.49,7.49,7.49,7.49,0
2015-05-05,7.49,7.49,7.49,7.49,0
2015-05-06,7.49,7.49,7.49,7.49,0
2015-05-07,7.49,7.49,7.49,7.49,0
2015-05-08,7.49,7.49,7.49,7.49,0
2015-05-11,7.49,7.49,7.49,7.49,0
2015-05-12,7.49,7.49,7.49,7.49,0
2015-05-13,7.49,7.49,7.49,7.49,0
2015-05-14,7.49,7.49,7.49,7.49,20
2015-05-15,7.49,7.49,7.49,7.49,2200
2015-05-18,7.49,7.49,7.49,7.49,0
2015-05-19,7.49,7.49,7.49,7.49,5
2015-05-20,6.78,6.78,6.78,6.78,100
2015-05-21,6.78,6.78,6.78,6.78,0
2015-05-22,6.78,6.78,6.78,6.78,0
2015-05-25,6.78,6.78,6.78,6.78,0
2015-05-26,6.78,6.78,6.78,6.78,0
2015-05-27,6.78,6.78,6.78,6.78,0
2015-05-28,6.78,6.78,6.78,6.78,0
2015-05-29,7.22,7.22,7.22,7.22,100
2015-06-01,7.22,7.22,7.22,7.22,700
2015-06-02,7.22,7.22,7.22,7.22,100
2015-06-03,7.22,7.22,7.22,7.22,0
2015-06-04,7.22,7.22,7.22,7.22,0
2015-06-05,7.22,7.22,7.22,7.22,0
2015-06-08,7.57,7.57,7.49,7.49,200
2015-06-09,7.49,7.49,7.49,7.49,42
2015-06-10,7.49,7.49,7.49,7.49,0
2015-06-11,7.49,7.49,7.49,7.49,0
2015-06-12,7.49,7.49,7.49,7.49,0
2015-06-15,7.49,7.49,7.49,7.49,0
2015-06-16,7.49,7.49,7.49,7.49,0
2015-06-17,7.49,7.49,7.49,7.49,0
2015-06-18,7.49,7.49,7.49,7.49,0
2015-06-19,7.49,7.49,7.49,7.49,0
2015-06-22,7.93,7.93,7.93,7.93,170
2015-06-23,7.93,7.93,7.93,7.93,0
2015-06-24,7.93,7.93,7.93,7.93,0
2015-06-25,7.93,7.93,7.93,7.93,0
2015-06-26,7.93,7.93,7.93,7.93,0
2015-06-29,7.93,7.93,7.93,7.93,0
2015-06-30,7.93,7.93,7.93,7.93,0
2015-07-01,7.93,7.93,7.93,7.93,0
2015-07-02,8.19,8.19,8.19,8.19,100
2015-07-03,8.19,8.19,8.19,8.19,0
2015-07-06,8.19,8.19,8.19,8.19,0
2015-07-07,8.19,8.19,8.19,8.19,0
2015-07-08,8.19,8.19,8.19,8.19,0
2015-07-09,8.19,8.19,8.19,8.19,0
2015-07-10,8.19,8.19,8.19,8.19,0
2015-07-13,8.19,8.19,8.19,8.19,0
2015-07-14,7.4,7.4,7.4,7.4,110
2015-07-15,7.4,7.4,7.4,7.4,0
2015-07-16,7.4,7.4,7.4,7.4,0
2015-07-17,7.4,7.4,7.4,7.4,0
2015-07-20,7.4,7.4,7.4,7.4,0
2015-07-21,7.4,7.4,7.4,7.4,0
2015-07-22,7.4,7.4,7.4,7.4,100
2015-07-23,7.4,7.4,7.4,7.4,0
2015-07-24,7.4,7.4,7.4,7.4,6
2015-07-27,7.4,7.4,7.4,7.4,0
2015-07-28,7.4,7.4,7.4,7.4,0
2015-07-29,7.4,7.4,7.4,7.4,0
2015-07-30,7.4,7.4,7.4,7.4,0
2015-07-31,7.4,7.4,7.4,7.4,0
2015-08-03,7.4,7.4,7.4,7.4,0
2015-08-04,7.4,7.4,7.4,7.4,0
2015-08-05,7.4,7.4,7.4,7.4,0
2015-08-06,7.4,7.4,7.4,7.4,0
2015-08-07,7.4,7.4,7.4,7.4,0
2015-08-10,7.4,7.4,7.4,7.4,52
2015-08-11,7.4,7.4,7.4,7.4,5
2015-08-12,7.4,7.4,7.4,7.4,0
2015-08-13,7.4,7.4,7.4,7.4,0
2015-08-14,7.4,7.4,7.4,7.4,0
2015-08-17,7.4,7.4,7.4,7.4,0
2015-08-18,7.4,7.4,7.4,7.4,0
2015-08-19,7.4,7.4,7.4,7.4,0
2015-08-20,7.4,7.4,7.4,7.4,50
2015-08-21,7.4,7.4,7.4,7.4,0
2015-08-24,7.4,7.4,7.4,7.4,0
2015-08-25,7.4,7.4,7.4,7.4,0
2015-08-26,7.4,7.4,7.4,7.4,0
2015-08-27,7.4,7.4,7.4,7.4,0
2015-08-28,7.4,7.4,7.4,7.4,0
2015-08-31,7.4,7.4,7.4,7.4,0
2015-09-01,7.4,7.4,7.4,7.4,0
2015-09-03,7.4,7.4,7.4,7.4,0
2015-09-04,7.4,7.4,7.4,7.4,0
2015-09-07,7.4,7.4,7.4,7.4,0
2015-09-08,7.4,7.4,7.4,7.4,0
2015-09-09,7.4,7.4,7.4,7.4,0
2015-09-10,7.4,7.4,7.4,7.4,0
2015-09-11,7.4,7.4,7.4,7.4,0
2015-09-14,7.4,7.4,7.4,7.4,0
2015-09-15,7.4,7.4,7.4,7.4,0
2015-09-16,7.4,7.4,7.4,7.4,0
2015-09-17,7.4,7.4,7.4,7.4,0
2015-09-18,7.4,7.4,7.4,7.4,0
2015-09-21,7.4,7.4,7.4,7.4,0
2015-09-22,7.4,7.4,7.4,7.4,0
2015-09-23,7.4,7.4,7.4,7.4,0
2015-09-24,7.4,7.4,7.4,7.4,0
2015-09-25,7.4,7.4,7.4,7.4,0
2015-09-28,7.4,7.4,7.4,7.4,0
2015-09-29,7.4,7.4,7.4,7.4,0
2015-09-30,7.4,7.4,7.4,7.4,0
2015-10-01,7.4,7.4,7.4,7.4,0
2015-10-02,7.4,7.4,7.4,7.4,0
2015-10-05,7.4,7.4,7.4,7.4,0
2015-10-06,7.4,7.4,7.4,7.4,0
2015-10-07,7.4,7.4,7.4,7.4,0
2015-10-08,7.4,7.4,7.4,7.4,0
2015-10-09,7.4,7.4,7.4,7.4,0
2015-10-12,7.4,7.4,7.4,7.4,0
2015-10-13,7.4,7.4,7.4,7.4,0
2015-10-14,7.4,7.4,7.4,7.4,0
2015-10-15,7.4,7.4,7.4,7.4,0
2015-10-16,7.4,7.4,7.4,7.4,0
2015-10-19,7.4,7.4,7.4,7.4,0
2015-10-20,7.4,7.4,7.4,7.4,0
2015-10-21,7.4,7.4,7.4,7.4,0
2015-10-22,7.4,7.4,7.4,7.4,0
2015-10-23,7.4,7.4,7.4,7.4,0
2015-10-26,7.4,7.4,7.4,7.4,0
2015-10-27,7.4,7.4,7.4,7.4,0
2015-10-28,7.4,7.4,7.4,7.4,0
2015-10-29,8.01,8.01,8.01,8.01,12000
2015-10-30,8.01,8.01,8.01,8.01,13600
2015-11-02,8.01,8.01,8.01,8.01,0
2015-11-03,8.01,8.01,8.01,8.01,0
2015-11-04,8.01,8.01,8.01,8.01,0
2015-11-05,8.01,8.01,8.01,8.01,0
2015-11-06,8.01,8.01,8.01,8.01,0
2015-11-09,8.01,8.01,8.01,8.01,0
2015-11-10,8.01,8.01,8.01,8.01,0
2015-11-11,8.01,8.01,8.01,8.01,0
2015-11-12,8.01,8.01,8.01,8.01,0
2015-11-13,8.01,8.01,8.01,8.01,44
2015-11-16,8.01,8.01,8.01,8.01,0
2015-11-17,8.01,8.01,8.01,8.01,0
2015-11-18,8.01,8.01,8.01,8.01,0
2015-11-19,8.01,8.01,8.01,8.01,0
2015-11-20,8.01,8.01,8.01,8.01,0
2015-11-23,8.01,8.01,8.01,8.01,0
2015-11-24,8.01,8.01,8.01,8.01,0
2015-11-25,8.01,8.01,8.01,8.01,0
2015-11-26,8.01,8.01,8.01,8.01,0
2015-11-27,8.01,8.01,8.01,8.01,0
2015-11-30,8.01,8.01,8.01,8.01,0
2015-12-01,8.01,8.01,8.01,8.01,0
2015-12-02,8.01,8.01,8.01,8.01,0
2015-12-03,8.01,8.01,8.01,8.01,0
2015-12-04,8.01,8.01,8.01,8.01,0
2015-12-07,8.01,8.01,8.01,8.01,0
2015-12-08,8.01,8.01,8.01,8.01,0
2015-12-09,8.01,8.01,8.01,8.01,0
2015-12-10,8.01,8.01,8.01,8.01,0
2015-12-11,8.01,8.01,8.01,8.01,0
2015-12-14,8.01,8.01,8.01,8.01,0
2015-12-15,8.01,8.01,8.01,8.01,0
2015-12-16,8.01,8.01,8.01,8.01,0
2015-12-17,8.01,8.01,8.01,8.01,0
2015-12-18,8.01,8.01,8.01,8.01,0
2015-12-21,8.01,8.01,8.01,8.01,0
2015-12-22,8.01,8.01,8.01,8.01,0
2015-12-23,8.01,8.01,8.01,8.01,0
2015-12-24,8.01,8.01,8.01,8.01,0
2015-12-25,8.01,8.01,8.01,8.01,0
2015-12-28,8.01,8.01,8.01,8.01,0
2015-12-29,8.01,8.01,8.01,8.01,0
2015-12-30,8.01,8.01,8.01,8.01,0
2015-12-31,8.01,8.01,8.01,8.01,0
2016-01-04,8.01,8.01,8.01,8.01,0
2016-01-05,8.01,8.01,8.01,8.01,0
2016-01-06,8.01,8.01,8.01,8.01,0
2016-01-07,8.01,8.01,8.01,8.01,0
2016-01-08,8.01,8.01,8.01,8.01,0
2016-01-11,8.01,8.01,8.01,8.01,0
2016-01-12,8.01,8.01,8.01,8.01,0
2016-01-13,8.01,8.01,8.01,8.01,0
2016-01-14,8.01,8.01,8.01,8.01,0
2016-01-15,8.01,8.01,8.01,8.01,0
2016-01-18,8.01,8.01,8.01,8.01,0
2016-01-19,8.01,8.01,8.01,8.01,0
2016-01-20,8.01,8.01,8.01,8.01,0
2016-01-21,7.22,7.22,7.22,7.22,5900
2016-01-22,7.22,7.22,7.22,7.22,0
2016-01-25,7.22,7.22,7.22,7.22,0
2016-01-26,7.22,7.22,7.22,7.22,0
2016-01-27,7.93,7.93,7.93,7.93,100
2016-01-28,8.72,8.72,8.72,8.72,100
2016-01-29,9.51,9.51,9.51,9.51,100
2016-02-01,9.51,9.51,9.51,9.51,0
2016-02-02,10.13,10.13,10.13,10.13,100
2016-02-03,11.1,11.1,11.1,11.1,100
2016-02-04,11.1,11.1,11.1,11.1,0
2016-02-05,11.1,11.1,11.1,11.1,0
2016-02-15,11.1,11.1,11.1,11.1,0
2016-02-16,11.1,11.1,11.1,11.1,0
2016-02-17,11.1,11.1,11.1,11.1,0
2016-02-18,11.1,11.1,11.1,11.1,0
2016-02-19,11.1,11.1,11.1,11.1,0
2016-02-22,11.1,11.1,11.1,11.1,0
2016-02-23,11.1,11.1,11.1,11.1,0
2016-02-24,11.1,11.1,11.1,11.1,0
2016-02-25,11.1,11.1,11.1,11.1,0
2016-02-26,11.1,11.1,11.1,11.1,0
2016-02-29,12.27,12.27,12.27,12.27,0
2016-03-01,12.27,12.27,12.27,12.27,0
2016-03-02,12.27,12.27,12.27,12.27,0
2016-03-03,12.27,12.27,12.27,12.27,0
2016-03-04,12.27,12.27,12.27,12.27,0
2016-03-07,12.27,12.27,12.27,12.27,0
2016-03-08,12.27,12.27,12.27,12.27,0
2016-03-09,12.27,12.27,12.27,12.27,0
2016-03-10,12.27,12.27,12.27,12.27,0
2016-03-11,12.27,12.27,12.27,12.27,0
2016-03-14,12.27,12.27,12.27,12.27,0
2016-03-15,12.27,12.27,12.27,12.27,0
2016-03-16,12.27,12.27,12.27,12.27,0
2016-03-17,10.03,10.03,10.03,10.03,300
2016-03-18,10.03,10.03,10.03,10.03,0
2016-03-21,10.03,10.03,10.03,10.03,0
2016-03-22,10.03,10.03,10.03,10.03,0
2016-03-23,10.03,10.03,10.03,10.03,0
2016-03-24,10.03,10.03,10.03,10.03,0
2016-03-25,10.03,10.03,10.03,10.03,0
2016-03-28,10.03,10.03,10.03,10.03,0
2016-03-29,11.0,11.0,11.0,11.0,500
2016-03-30,11.1,11.1,11.1,11.1,100
2016-03-31,11.1,11.1,11.1,11.1,0
2016-04-01,11.1,11.1,11.1,11.1,0
2016-04-04,11.1,11.1,11.1,11.1,0
2016-04-05,11.1,11.1,11.1,11.1,0
2016-04-06,11.1,11.1,11.1,11.1,0
2016-04-07,11.1,11.1,11.1,11.1,0
2016-04-08,11.1,11.1,11.1,11.1,0
2016-04-11,11.1,11.1,11.1,11.1,0
2016-04-12,10.03,10.03,10.03,10.03,10500
2016-04-13,11.0,11.0,11.0,11.0,100
2016-04-14,11.0,11.0,11.0,11.0,0
2016-04-15,11.0,11.0,11.0,11.0,0
2016-04-19,11.0,11.0,11.0,11.0,0
2016-04-20,11.0,11.0,11.0,11.0,0
2016-04-21,11.0,11.0,11.0,11.0,0
2016-04-22,11.0,11.0,11.0,11.0,0
2016-04-25,11.0,11.0,11.0,11.0,0
2016-04-26,11.0,11.0,11.0,11.0,0
2016-04-27,11.0,11.0,11.0,11.0,0
2016-04-28,11.0,11.0,11.0,11.0,0
2016-04-29,11.0,11.0,11.0,11.0,0
2016-05-04,11.0,11.0,11.0,11.0,20
2016-05-05,11.0,11.0,11.0,11.0,0
2016-05-06,11.0,11.0,11.0,11.0,0
2016-05-09,11.0,11.0,11.0,11.0,0
2016-05-10,11.0,11.0,11.0,11.0,0
2016-05-11,11.0,11.0,11.0,11.0,0
2016-05-12,11.0,11.0,11.0,11.0,0
2016-05-13,11.0,11.0,11.0,11.0,0
2016-05-16,11.0,11.0,11.0,11.0,20
2016-05-17,11.0,11.0,11.0,11.0,0
2016-05-18,11.0,11.0,11.0,11.0,0
2016-05-19,11.0,11.0,11.0,11.0,0
2016-05-20,11.0,11.0,11.0,11.0,30
2016-05-23,11.0,11.0,11.0,11.0,0
2016-05-24,11.0,11.0,11.0,11.0,0
2016-05-25,11.0,11.0,11.0,11.0,0
2016-05-26,11.0,11.0,11.0,11.0,0
2016-05-27,11.0,11.0,11.0,11.0,0
2016-05-30,11.0,11.0,11.0,11.0,0
2016-05-31,11.0,11.0,11.0,11.0,0
2016-06-01,11.0,11.0,11.0,11.0,0
2016-06-02,11.0,11.0,11.0,11.0,0
2016-06-03,11.0,11.0,11.0,11.0,0
2016-06-06,11.0,11.0,11.0,11.0,0
2016-06-07,11.0,11.0,11.0,11.0,0
2016-06-08,11.0,11.0,11.0,11.0,0
2016-06-09,11.0,11.0,11.0,11.0,0
2016-06-10,11.0,11.0,11.0,11.0,0
2016-06-13,11.0,11.0,11.0,11.0,0
2016-06-14,11.0,11.0,11.0,11.0,0
2016-06-15,11.0,11.0,11.0,11.0,0
2016-06-16,11.0,11.0,11.0,11.0,0
2016-06-17,11.0,11.0,11.0,11.0,0
2016-06-20,11.0,11.0,11.0,11.0,0
2016-06-21,11.0,11.0,11.0,11.0,0
2016-06-22,11.0,11.0,11.0,11.0,0
2016-06-23,11.0,11.0,11.0,11.0,0
2016-06-24,11.0,11.0,11.0,11.0,0
2016-06-27,11.0,11.0,11.0,11.0,0
2016-06-28,11.0,11.0,11.0,11.0,0
2016-06-29,11.0,11.0,11.0,11.0,0
2016-06-30,11.0,11.0,11.0,11.0,0
2016-07-01,11.0,11.0,11.0,11.0,0
2016-07-04,11.0,11.0,11.0,11.0,0
2016-07-05,11.0,11.0,11.0,11.0,0
2016-07-06,11.0,11.0,11.0,11.0,0
2016-07-07,11.0,11.0,11.0,11.0,0
2016-07-08,11.0,11.0,11.0,11.0,0
2016-07-11,11.0,11.0,11.0,11.0,0
2016-07-12,11.0,11.0,11.0,11.0,0
2016-07-13,11.0,11.0,11.0,11.0,0
2016-07-14,11.0,11.0,11.0,11.0,0
2016-07-15,11.0,11.0,11.0,11.0,0
2016-07-18,11.0,11.0,11.0,11.0,0
2016-07-19,11.0,11.0,11.0,11.0,0
2016-07-20,11.0,11.0,11.0,11.0,0
2016-07-21,11.0,11.0,11.0,11.0,0
2016-07-22,11.0,11.0,11.0,11.0,0
2016-07-25,11.0,11.0,11.0,11.0,0
2016-07-26,11.0,11.0,11.0,11.0,0
2016-07-27,11.0,11.0,11.0,11.0,0
2016-07-28,11.0,11.0,11.0,11.0,0
2016-07-29,11.0,11.0,11.0,11.0,0
2016-08-01,11.0,11.0,11.0,11.0,0
2016-08-02,11.0,11.0,11.0,11.0,0
2016-08-03,12.07,12.07,11.1,11.1,300
2016-08-04,12.07,12.07,12.07,12.07,100
2016-08-05,12.07,12.07,12.07,12.07,0
2016-08-08,12.07,12.07,12.07,12.07,0
2016-08-09,12.07,12.07,12.07,12.07,0
2016-08-10,12.07,12.07,12.07,12.07,0
2016-08-11,12.07,12.07,12.07,12.07,0
2016-08-12,12.07,12.07,12.07,12.07,0
2016-08-15,12.07,12.07,12.07,12.07,0
2016-08-16,12.07,12.07,12.07,12.07,0
2016-08-17,12.07,12.07,12.07,12.07,0
2016-08-18,12.07,12.07,12.07,12.07,0
2016-08-19,12.07,12.07,12.07,12.07,0
2016-08-22,12.07,12.07,12.07,12.07,0
2016-08-23,12.07,12.07,12.07,12.07,0
2016-08-24,12.07,12.07,12.07,12.07,0
2016-08-25,12.07,12.07,12.07,12.07,0
2016-08-26,12.07,12.07,12.07,12.07,0
2016-08-29,12.07,12.07,12.07,12.07,0
2016-08-30,12.07,12.07,12.07,12.07,0
2016-08-31,12.07,12.07,12.07,12.07,0
2016-09-01,12.07,12.07,12.07,12.07,0
2016-09-05,12.07,12.07,12.07,12.07,0
2016-09-06,12.07,12.07,12.07,12.07,0
2016-09-07,12.07,12.07,12.07,12.07,0
2016-09-08,12.07,12.07,12.07,12.07,0
2016-09-09,12.07,12.07,12.07,12.07,0
2016-09-12,12.07,12.07,12.07,12.07,0
2016-09-13,12.07,12.07,12.07,12.07,0
2016-09-14,12.07,12.07,12.07,12.07,0
2016-09-15,12.07,12.07,12.07,12.07,0
2016-09-16,12.07,12.07,12.07,12.07,0
2016-09-19,11.1,11.1,10.9,10.9,2400
2016-09-20,9.83,9.83,9.83,9.83,500000
2016-09-21,10.81,10.81,10.81,10.81,100
2016-09-22,9.74,9.74,9.74,9.74,100
2016-09-23,9.44,9.44,9.44,9.44,100
2016-09-26,10.32,10.32,10.32,10.32,100
2016-09-27,9.74,9.74,9.74,9.74,900000
2016-09-28,9.74,9.74,9.74,9.74,958879
2016-09-29,9.74,9.74,9.74,9.74,0
2016-09-30,9.74,9.74,9.74,9.74,2300
2016-10-03,9.74,9.74,9.74,9.74,0
2016-10-04,10.61,10.61,10.51,10.51,600
2016-10-05,10.51,10.51,10.51,10.51,0
2016-10-06,9.74,9.74,9.74,9.74,100
2016-10-07,9.74,9.74,9.74,9.74,1800
2016-10-10,10.61,10.61,10.61,10.61,100
2016-10-11,9.74,9.74,9.74,9.74,2000
2016-10-12,9.74,9.74,9.74,9.74,0
2016-10-13,9.74,9.74,9.74,9.74,0
2016-10-14,9.74,9.74,9.74,9.74,0
2016-10-17,9.74,9.74,9.74,9.74,0
2016-10-18,9.74,9.74,9.74,9.74,0
2016-10-19,9.74,9.74,9.74,9.74,0
2016-10-20,9.74,9.74,9.74,9.74,0
2016-10-21,9.74,9.74,9.74,9.74,0
2016-10-24,10.71,10.71,10.71,10.71,100
2016-10-25,10.71,10.71,10.71,10.71,0
2016-10-26,10.71,10.71,10.71,10.71,0
2016-10-27,10.71,10.71,10.71,10.71,0
2016-10-28,10.71,10.71,10.71,10.71,0
2016-10-31,10.71,10.71,10.71,10.71,0
2016-11-01,10.71,10.71,10.71,10.71,0
2016-11-02,10.71,10.71,10.71,10.71,0
2016-11-03,10.71,10.71,10.71,10.71,0
2016-11-04,10.71,10.71,10.71,10.71,0
2016-11-07,10.71,10.71,10.71,10.71,0
2016-11-08,10.71,10.71,10.71,10.71,0
2016-11-09,10.71,10.71,10.71,10.71,0
2016-11-10,10.71,10.71,10.71,10.71,0
2016-11-11,10.71,10.71,10.71,10.71,0
2016-11-14,10.71,10.71,10.71,10.71,0
2016-11-15,10.71,10.71,10.71,10.71,0
2016-11-16,10.71,10.71,10.71,10.71,0
2016-11-17,10.71,10.71,10.71,10.71,0
2016-11-18,10.71,10.71,10.71,10.71,0
2016-11-21,10.71,10.71,10.71,10.71,0
2016-11-22,10.71,10.71,10.71,10.71,0
2016-11-23,10.71,10.71,10.71,10.71,0
2016-11-24,10.71,10.71,10.71,10.71,0
2016-11-25,10.71,10.71,10.71,10.71,0
2016-11-28,10.71,10.71,10.71,10.71,0
2016-11-29,10.71,10.71,10.71,10.71,0
2016-11-30,10.71,10.71,10.71,10.71,0
2016-12-01,10.71,10.71,10.71,10.71,0
2016-12-02,10.71,10.71,10.71,10.71,0
2016-12-05,10.71,10.71,10.71,10.71,0
2016-12-06,10.71,10.71,10.71,10.71,0
2016-12-07,11.68,11.68,11.68,11.68,100
2016-12-08,11.68,11.68,11.68,11.68,0
2016-12-09,11.68,11.68,11.68,11.68,0
2016-12-12,11.68,11.68,11.68,11.68,0
2016-12-13,11.68,11.68,11.68,11.68,0
2016-12-14,11.68,11.68,11.68,11.68,0
2016-12-15,12.66,12.66,12.66,12.66,300
2016-12-16,13.82,13.82,13.82,13.82,300
2016-12-19,14.99,14.99,14.99,14.99,300
2016-12-20,16.16,16.16,16.16,16.16,400
2016-12-21,17.23,17.23,17.23,17.23,300
2016-12-22,17.23,17.23,17.23,17.23,0
2016-12-23,17.23,17.23,17.23,17.23,0
2016-12-26,17.23,17.23,17.23,17.23,0
2016-12-27,17.23,17.23,17.23,17.23,0
2016-12-28,17.23,17.23,17.23,17.23,0
2016-12-29,17.23,17.23,17.23,17.23,0
2016-12-30,17.23,17.23,17.23,17.23,0
2017-01-03,17.23,17.23,17.23,17.23,0
2017-01-04,17.23,17.23,17.23,17.23,0
2017-01-05,17.23,17.23,17.23,17.23,0
2017-01-06,17.23,17.23,17.23,17.23,0
2017-01-09,17.23,17.23,17.23,17.23,0
2017-01-10,17.23,17.23,17.23,17.23,0
2017-01-11,17.23,17.23,17.23,17.23,0
2017-01-12,17.23,17.23,17.23,17.23,0
2017-01-13,17.23,17.23,17.23,17.23,0
2017-01-16,17.23,17.23,17.23,17.23,0
2017-01-17,17.23,17.23,17.23,17.23,0
2017-01-18,17.23,17.23,17.23,17.23,0
2017-01-19,17.23,17.23,17.23,17.23,0
2017-01-20,17.23,17.23,17.23,17.23,0
2017-01-23,17.23,17.23,17.23,17.23,0
2017-01-24,17.23,17.23,17.23,17.23,0
2017-01-25,17.23,17.23,17.23,17.23,0
2017-02-02,17.23,17.23,17.23,17.23,0
2017-02-03,17.23,17.23,17.23,17.23,0
2017-02-06,17.23,17.23,17.23,17.23,0
2017-02-07,17.23,17.23,17.23,17.23,0
2017-02-08,17.23,17.23,17.23,17.23,0
2017-02-09,17.23,17.23,17.23,17.23,0
2017-02-10,17.23,17.23,17.23,17.23,0
2017-02-13,17.23,17.23,17.23,17.23,0
2017-02-14,17.23,17.23,17.23,17.23,0
2017-02-15,17.23,17.23,17.23,17.23,0
2017-02-16,17.23,17.23,17.23,17.23,0
2017-02-17,17.23,17.23,17.23,17.23,0
2017-02-20,17.23,17.23,17.23,17.23,0
2017-02-21,17.23,17.23,17.23,17.23,0
2017-02-22,17.23,17.23,17.23,17.23,0
2017-02-23,17.23,17.23,17.23,17.23,0
2017-02-24,17.23,17.23,17.23,17.23,0
2017-02-27,17.23,17.23,17.23,17.23,0
2017-02-28,17.23,17.23,17.23,17.23,0
2017-03-01,17.23,17.23,17.23,17.23,0
2017-03-02,17.23,17.23,17.23,17.23,0
2017-03-03,17.23,17.23,17.23,17.23,0
2017-03-06,17.23,17.23,17.23,17.23,0
2017-03-07,17.23,17.23,17.23,17.23,0
2017-03-08,17.23,17.23,17.23,17.23,0
2017-03-09,17.23,17.23,17.23,17.23,0
2017-03-10,17.23,17.23,17.23,17.23,0
2017-03-13,17.23,17.23,17.23,17.23,0
2017-03-14,17.23,17.23,17.23,17.23,0
2017-03-15,17.23,17.23,17.23,17.23,0
2017-03-16,17.23,17.23,17.23,17.23,0
2017-03-17,17.23,17.23,17.23,17.23,0
2017-03-20,17.23,17.23,17.23,17.23,0
2017-03-21,17.23,17.23,17.23,17.23,0
2017-03-22,17.23,17.23,17.23,17.23,0
2017-03-23,17.23,17.23,17.23,17.23,0
2017-03-24,17.23,17.23,17.23,17.23,0
2017-03-27,17.23,17.23,17.23,17.23,0
2017-03-28,17.23,17.23,17.23,17.23,1
2017-03-29,17.23,17.23,17.23,17.23,0
2017-03-30,17.23,17.23,17.23,17.23,0
2017-03-31,17.23,17.23,17.23,17.23,1
2017-04-03,17.23,17.23,17.23,17.23,0
2017-04-04,15.58,15.58,15.58,15.58,2400
2017-04-05,15.58,15.58,15.58,15.58,0
2017-04-07,15.58,15.58,15.58,15.58,0
2017-04-10,15.58,15.58,15.58,15.58,0
2017-04-11,15.58,15.58,15.58,15.58,0
2017-04-12,15.58,15.58,15.58,15.58,0
2017-04-13,15.58,15.58,15.58,15.58,0
2017-04-14,15.58,15.58,15.58,15.58,0
2017-04-17,15.58,15.58,15.58,15.58,0
2017-04-18,14.02,14.02,14.02,14.02,2300
2017-04-19,14.02,14.02,14.02,14.02,0
2017-04-20,14.02,14.02,14.02,14.02,0
2017-04-21,14.02,14.02,14.02,14.02,0
2017-04-24,14.02,14.02,14.02,14.02,0
2017-04-25,14.02,14.02,14.02,14.02,0
2017-04-26,14.02,14.02,14.02,14.02,0
2017-04-27,14.02,14.02,14.02,14.02,0
2017-04-28,14.02,14.02,14.02,14.02,0
2017-05-03,14.02,14.02,14.02,14.02,0
2017-05-04,14.02,14.02,14.02,14.02,0
2017-05-05,14.02,14.02,14.02,14.02,0
2017-05-08,14.02,14.02,14.02,14.02,0
2017-05-09,14.02,14.02,14.02,14.02,0
2017-05-10,14.02,14.02,14.02,14.02,0
2017-05-11,14.02,14.02,14.02,14.02,0
2017-05-12,14.02,14.02,14.02,14.02,0
2017-05-15,14.02,14.02,14.02,14.02,0
2017-05-16,14.02,14.02,14.02,14.02,0
2017-05-17,14.02,14.02,14.02,14.02,0
2017-05-18,14.02,14.02,14.02,14.02,0
2017-05-19,14.02,14.02,14.02,14.02,0
2017-05-22,14.02,14.02,14.02,14.02,0
2017-05-23,14.02,14.02,14.02,14.02,0
2017-05-24,14.02,14.02,14.02,14.02,0
2017-05-25,14.02,14.02,14.02,14.02,0
2017-05-26,14.02,14.02,14.02,14.02,0
2017-05-29,14.02,14.02,14.02,14.02,0
2017-05-30,12.66,12.66,12.66,12.66,192785
2017-05-31,12.66,12.66,12.66,12.66,0
2017-06-01,12.66,12.66,12.66,12.66,0
2017-06-02,12.66,12.66,12.66,12.66,0
2017-06-05,12.66,12.66,12.66,12.66,0
2017-06-06,12.66,12.66,12.66,12.66,0
2017-06-07,13.92,13.92,13.92,13.92,300
2017-06-08,13.24,13.24,13.24,13.24,1000
2017-06-09,13.24,13.24,13.24,13.24,0
2017-06-12,13.24,13.24,13.24,13.24,0
2017-06-13,13.24,13.24,13.24,13.24,0
2017-06-14,13.24,13.24,13.24,13.24,0
2017-06-15,13.24,13.24,13.24,13.24,0
2017-06-16,13.24,13.24,13.24,13.24,0
2017-06-19,13.24,13.24,13.24,13.24,0
2017-06-20,13.24,13.24,13.24,13.24,0
2017-06-21,13.24,13.24,13.24,13.24,0
2017-06-22,13.24,14.51,13.24,14.51,9000
2017-06-23,14.51,14.51,14.51,14.51,0
2017-06-26,14.51,14.51,14.51,14.51,13000
2017-06-27,15.48,15.48,14.12,14.12,3800
2017-06-28,14.12,14.21,14.12,14.21,5400
2017-06-29,14.8,15.58,14.8,15.58,3500
2017-06-30,17.04,17.13,17.04,17.13,4400
2017-07-03,17.13,17.13,17.13,17.13,0
2017-07-04,17.13,17.13,17.13,17.13,0
2017-07-05,17.13,17.13,17.13,17.13,0
2017-07-06,17.13,17.13,17.13,17.13,0
2017-07-07,17.13,17.13,17.13,17.13,0
2017-07-10,17.13,17.13,17.13,17.13,0
2017-07-11,17.13,17.13,17.13,17.13,0
2017-07-12,17.13,17.13,17.13,17.13,0
2017-07-13,17.13,17.13,17.13,17.13,0
2017-07-14,17.13,17.13,17.13,17.13,0
2017-07-17,17.13,17.13,17.13,17.13,0
2017-07-18,17.13,17.13,17.13,17.13,0
2017-07-19,17.13,17.13,17.13,17.13,0
2017-07-20,17.13,17.13,17.13,17.13,0
2017-07-21,17.13,17.13,17.13,17.13,0
2017-07-24,17.13,17.13,17.13,17.13,0
2017-07-25,17.52,17.52,15.48,15.48,5600
2017-07-26,15.09,15.09,14.12,14.12,1100
2017-07-27,14.6,14.6,14.6,14.6,11000
2017-07-28,14.6,14.6,14.6,14.6,0
2017-07-31,14.6,14.6,14.6,14.6,0
2017-08-01,13.63,13.63,13.24,13.24,4500
2017-08-02,13.24,13.92,13.24,13.92,235600
2017-08-03,13.92,13.92,13.92,13.92,0
2017-08-04,14.12,14.12,14.12,14.12,7000
2017-08-07,14.12,14.12,14.12,14.12,5400
2017-08-08,14.12,14.12,14.12,14.12,0
2017-08-09,13.24,13.24,13.24,13.24,1000
2017-08-10,13.24,13.24,13.24,13.24,0
2017-08-11,13.24,13.24,13.24,13.24,0
2017-08-14,13.24,13.24,13.24,13.24,0
2017-08-15,13.24,13.24,13.24,13.24,0
2017-08-16,13.24,13.24,13.24,13.24,1000
2017-08-17,13.24,13.24,13.24,13.24,0
2017-08-18,13.24,13.24,13.24,13.24,0
2017-08-21,13.24,13.24,13.24,13.24,0
2017-08-22,13.24,13.24,13.24,13.24,0
2017-08-23,13.24,13.24,13.24,13.24,0
2017-08-24,13.24,13.24,13.24,13.24,0
2017-08-25,13.24,13.24,13.24,13.24,0
2017-08-28,13.24,13.24,13.24,13.24,0
2017-08-29,13.24,13.24,13.24,13.24,0
2017-08-30,13.24,13.24,13.24,13.24,0
2017-08-31,13.24,13.24,13.24,13.24,2900
2017-09-01,13.24,13.24,13.24,13.24,0
2017-09-05,13.24,13.24,13.24,13.24,0
2017-09-06,13.24,13.24,13.24,13.24,0
2017-09-07,13.24,13.24,13.24,13.24,0
2017-09-08,13.24,13.24,13.24,13.24,0
2017-09-11,13.24,13.24,13.24,13.24,0
2017-09-12,13.24,13.24,13.24,13.24,0
2017-09-13,13.24,13.24,13.24,13.24,0
2017-09-14,13.24,13.24,13.24,13.24,0
2017-09-15,13.24,13.24,13.24,13.24,0
2017-09-18,13.24,13.24,13.24,13.24,0
2017-09-19,13.24,13.24,13.24,13.24,0
2017-09-20,13.24,13.24,13.24,13.24,0
2017-09-21,13.24,13.24,13.24,13.24,0
2017-09-22,13.24,13.24,13.24,13.24,0
2017-09-25,13.24,13.24,13.24,13.24,0
2017-09-26,13.24,13.24,13.24,13.24,0
2017-09-27,12.66,12.66,12.66,12.66,7000
2017-09-28,11.68,11.68,11.68,11.68,52000
2017-09-29,11.68,11.68,11.68,11.68,0
2017-10-02,11.68,11.68,11.68,11.68,19000
2017-10-03,11.68,11.68,11.68,11.68,0
2017-10-04,11.68,11.68,11.68,11.68,0
2017-10-05,11.68,11.68,11.68,11.68,0
2017-10-06,11.68,11.68,11.68,11.68,0
2017-10-09,11.68,11.68,11.68,11.68,0
2017-10-10,11.68,11.68,11.68,11.68,0
2017-10-11,11.68,11.68,11.68,11.68,0
2017-10-12,11.68,11.68,11.68,11.68,0
2017-10-13,11.68,11.68,11.68,11.68,0
2017-10-16,11.68,11.68,11.68,11.68,0
2017-10-17,11.68,11.68,11.68,11.68,0
2017-10-18,11.68,11.68,11.68,11.68,0
2017-10-19,11.68,11.68,11.68,11.68,0
2017-10-20,11.68,11.68,11.68,11.68,0
2017-10-23,11.68,11.68,11.68,11.68,0
2017-10-24,11.68,11.68,11.68,11.68,0
2017-10-25,11.68,11.68,11.68,11.68,0
2017-10-26,11.68,11.68,11.68,11.68,0
2017-10-27,11.68,11.68,11.68,11.68,0
2017-10-30,11.68,11.68,11.68,11.68,0
2017-10-31,11.68,11.68,11.68,11.68,0
2017-11-01,11.68,11.68,11.68,11.68,0
2017-11-02,11.68,11.68,11.68,11.68,0
2017-11-03,11.68,11.68,11.68,11.68,0
2017-11-06,11.68,11.68,11.68,11.68,0
2017-11-07,11.68,11.68,11.68,11.68,0
2017-11-08,11.68,11.68,11.68,11.68,0
2017-11-09,11.68,11.68,11.68,11.68,0
2017-11-10,11.68,11.68,11.68,11.68,0
2017-11-13,11.68,11.68,11.68,11.68,0
2017-11-14,11.68,11.68,11.68,11.68,0
2017-11-15,11.68,11.68,11.68,11.68,0
2017-11-16,11.68,11.68,11.68,11.68,0
2017-11-17,11.68,11.68,11.68,11.68,0
2017-11-20,11.68,11.68,11.68,11.68,0
2017-11-21,11.68,11.68,11.68,11.68,0
2017-11-22,11.68,11.68,11.68,11.68,0
2017-11-23,11.68,11.68,11.68,11.68,0
2017-11-24,11.68,11.68,11.68,11.68,0
2017-11-27,11.68,11.68,11.68,11.68,1000
2017-11-28,11.68,11.68,11.68,11.68,0
2017-11-29,11.68,11.68,11.68,11.68,0
2017-11-30,11.68,11.68,11.68,11.68,0
2017-12-01,11.68,11.68,11.68,11.68,0
2017-12-04,11.68,11.68,11.68,11.68,0
2017-12-05,11.68,11.68,11.68,11.68,0
2017-12-06,11.68,11.68,11.68,11.68,0
2017-12-07,11.68,11.68,11.68,11.68,0
2017-12-08,11.68,11.68,11.68,11.68,0
2017-12-11,11.68,11.68,11.68,11.68,0
2017-12-12,11.68,11.68,11.68,11.68,0
2017-12-13,10.51,10.51,10.51,10.51,100
2017-12-14,10.51,10.51,10.51,10.51,0
2017-12-15,10.51,10.51,10.51,10.51,0
2017-12-18,10.51,10.51,10.51,10.51,0
2017-12-19,10.51,10.51,10.51,10.51,0
2017-12-20,10.51,10.51,10.51,10.51,12
2017-12-21,10.51,10.51,10.51,10.51,24
2017-12-22,10.51,10.51,10.51,10.51,0
2017-12-25,10.51,10.51,10.51,10.51,0
2017-12-26,10.51,10.51,10.51,10.51,0
2017-12-27,10.51,10.51,10.51,10.51,0
2017-12-28,10.51,10.51,10.51,10.51,0
2017-12-29,10.51,10.51,10.51,10.51,0
2018-01-02,10.51,10.51,10.51,10.51,0
2018-01-03,10.51,10.51,10.51,10.51,0
2018-01-04,10.51,10.51,10.51,10.51,0
2018-01-05,10.51,10.51,10.51,10.51,0
2018-01-08,10.51,10.51,10.51,10.51,0
2018-01-09,10.51,10.51,10.51,10.51,0
2018-01-10,10.51,10.51,10.51,10.51,0
2018-01-11,10.51,10.51,10.51,10.51,0
2018-01-12,10.51,10.51,10.51,10.51,0
2018-01-15,10.51,10.51,10.51,10.51,0
2018-01-16,10.51,10.51,10.51,10.51,0
2018-01-17,10.51,10.51,10.51,10.51,0
2018-01-18,10.51,10.51,10.51,10.51,0
2018-01-19,11.49,11.49,11.49,11.49,100
2018-01-22,11.49,11.49,11.49,11.49,0
2018-01-23,11.49,11.49,11.49,11.49,0
2018-01-24,11.49,11.49,11.49,11.49,0
2018-01-25,11.49,11.49,11.49,11.49,0
2018-01-26,11.49,11.49,11.49,11.49,0
2018-01-29,11.49,11.49,11.49,11.49,0
2018-01-30,11.49,11.49,11.49,11.49,0
2018-01-31,11.49,11.49,11.49,11.49,0
2018-02-01,11.49,11.49,11.49,11.49,0
2018-02-02,11.49,11.49,11.49,11.49,0
2018-02-05,11.49,11.49,11.49,11.49,0
2018-02-06,11.49,11.49,11.49,11.49,0
2018-02-07,11.49,11.49,11.49,11.49,0
2018-02-08,11.49,11.49,11.49,11.49,0
2018-02-09,11.49,11.49,11.49,11.49,0
2018-02-12,11.49,11.49,11.49,11.49,0
2018-02-13,11.49,11.49,11.49,11.49,18500
2018-02-21,11.49,11.49,11.49,11.49,6100
2018-02-22,11.49,11.49,11.49,11.49,0
2018-02-23,11.49,11.49,11.49,11.49,0
2018-02-26,11.49,11.49,11.49,11.49,0
2018-02-27,11.39,11.39,11.39,11.39,6500
2018-02-28,11.39,11.39,11.39,11.39,0
2018-03-01,11.39,11.39,11.39,11.39,0
2018-03-02,11.39,11.39,11.39,11.39,0
2018-03-05,11.39,11.39,11.39,11.39,0
2018-03-06,11.39,11.39,11.39,11.39,0
2018-03-07,11.39,11.39,11.39,11.39,0
2018-03-08,11.39,11.39,11.39,11.39,0
2018-03-09,11.39,11.39,11.39,11.39,0
2018-03-12,11.49,11.49,11.49,11.49,100
2018-03-13,11.49,11.49,11.49,11.49,6
2018-03-14,11.49,11.49,11.49,11.49,0
2018-03-15,11.49,11.49,11.49,11.49,0
2018-03-16,11.49,11.49,11.49,11.49,0
2018-03-19,11.49,11.49,11.49,11.49,6
2018-03-20,11.49,11.49,11.49,11.49,0
2018-03-21,11.49,11.49,11.49,11.49,0
2018-03-22,11.49,11.49,11.49,11.49,0
2018-03-23,11.49,11.49,11.49,11.49,0
2018-03-26,11.49,11.49,11.49,11.49,0
2018-03-27,11.49,11.49,11.49,11.49,0
2018-03-28,11.49,11.49,11.49,11.49,0
2018-03-29,11.49,11.49,11.49,11.49,0
2018-03-30,11.49,11.49,11.49,11.49,0
2018-04-02,11.49,11.49,11.49,11.49,0
2018-04-03,11.49,11.49,11.49,11.49,0
2018-04-04,11.49,11.49,11.49,11.49,0
2018-04-05,11.49,11.49,11.49,11.49,0
2018-04-06,11.49,11.49,11.49,11.49,0
2018-04-09,11.49,11.49,11.49,11.49,0
2018-04-10,11.49,11.49,11.49,11.49,0
2018-04-11,11.49,11.49,11.49,11.49,0
2018-04-12,11.49,11.49,11.49,11.49,0
2018-04-13,11.49,11.49,11.49,11.49,17000
2018-04-16,11.49,11.49,11.49,11.49,5000
2018-04-17,11.49,11.49,11.49,11.49,5000
2018-04-18,11.49,11.49,11.49,11.49,5006
2018-04-19,11.68,11.68,11.68,11.68,5000
2018-04-20,11.68,11.68,11.68,11.68,0
2018-04-23,11.49,11.49,11.49,11.49,5000
2018-04-24,11.49,11.49,11.49,11.49,1500
2018-04-26,11.49,11.49,11.49,11.49,0
2018-04-27,11.49,11.49,11.49,11.49,0
2018-05-02,11.49,11.49,11.49,11.49,0
2018-05-03,11.49,11.49,11.49,11.49,0
2018-05-04,11.49,11.49,11.49,11.49,0
2018-05-07,11.49,11.49,11.49,11.49,0
2018-05-08,11.49,11.49,11.49,11.49,0
2018-05-09,11.49,11.49,11.49,11.49,8000
2018-05-10,11.49,11.49,11.49,11.49,0
2018-05-11,11.39,11.49,11.39,11.49,20704
2018-05-14,11.49,11.68,11.49,11.68,30000
2018-05-15,11.49,12.85,11.49,11.68,27226
2018-05-16,11.68,11.68,11.68,11.68,0
2018-05-17,11.68,11.68,11.68,11.68,0
2018-05-18,11.49,11.49,11.49,11.49,30000
2018-05-21,11.49,11.49,11.49,11.49,0
2018-05-22,11.49,11.49,11.49,11.49,3700
2018-05-23,11.49,11.49,11.49,11.49,0
2018-05-24,11.49,11.49,11.49,11.49,0
2018-05-25,11.49,11.49,11.49,11.49,0
2018-05-28,11.49,11.49,11.49,11.49,0
2018-05-29,11.49,11.49,11.49,11.49,0
2018-05-30,11.49,11.49,11.49,11.49,0
2018-05-31,11.49,11.49,11.49,11.49,0
2018-06-01,11.49,11.49,11.49,11.49,0
2018-06-04,11.49,11.49,11.49,11.49,0
2018-06-05,11.49,11.49,11.49,11.49,0
2018-06-06,11.49,11.49,11.49,11.49,0
2018-06-07,11.49,11.49,11.49,11.49,0
2018-06-08,11.49,11.49,11.49,11.49,0
2018-06-11,11.49,11.49,11.49,11.49,0
2018-06-12,11.49,11.49,11.49,11.49,0
2018-06-13,11.49,11.49,11.49,11.49,0
2018-06-14,11.49,11.49,11.49,11.49,0
2018-06-15,11.49,11.49,11.49,11.49,0
2018-06-18,11.49,11.49,11.49,11.49,0
2018-06-19,11.49,11.49,11.49,11.49,0
2018-06-20,11.49,11.49,11.49,11.49,0
2018-06-21,12.56,12.56,12.56,12.56,500
2018-06-22,13.73,13.73,13.73,13.73,400
2018-06-25,15.09,15.09,15.09,15.09,500
2018-06-26,15.09,15.09,15.09,15.09,0
2018-06-27,15.09,15.09,15.09,15.09,0
2018-06-28,15.09,15.09,15.09,15.09,0
2018-06-29,15.09,15.09,15.09,15.09,0
2018-07-02,15.09,15.09,15.09,15.09,0
2018-07-03,15.09,15.09,15.09,15.09,0
2018-07-04,15.09,15.09,15.09,15.09,0
2018-07-05,15.09,15.09,15.09,15.09,0
2018-07-06,15.09,15.09,15.09,15.09,0
2018-07-09,15.09,15.09,15.09,15.09,0
2018-07-10,15.09,15.09,15.09,15.09,0
2018-07-11,15.09,15.09,15.09,15.09,0
2018-07-12,15.09,15.09,15.09,15.09,0
2018-07-13,15.09,15.09,15.09,15.09,0
2018-07-16,15.09,15.09,15.09,15.09,0
2018-07-17,15.09,15.09,15.09,15.09,0
2018-07-18,15.09,15.09,15.09,15.09,0
2018-07-19,15.09,15.09,15.09,15.09,0
2018-07-20,15.09,15.09,15.09,15.09,0
2018-07-23,15.09,15.09,15.09,15.09,0
2018-07-24,15.09,15.09,15.09,15.09,0
2018-07-25,15.09,15.09,15.09,15.09,0
2018-07-26,15.09,15.09,15.09,15.09,0
2018-07-27,15.09,15.09,15.09,15.09,0
2018-07-30,15.09,15.09,15.09,15.09,0
2018-07-31,15.09,15.09,15.09,15.09,0
2018-08-01,15.09,15.09,15.09,15.09,0
2018-08-02,15.09,15.09,15.09,15.09,0
2018-08-03,15.09,15.09,15.09,15.09,0
2018-08-06,15.09,15.09,15.09,15.09,0
2018-08-07,15.09,15.09,15.09,15.09,0
2018-08-08,13.63,13.63,13.63,13.63,142800
2018-08-09,13.63,13.63,13.63,13.63,0
2018-08-10,13.63,13.63,13.63,13.63,0
2018-08-13,13.63,13.63,13.63,13.63,0
2018-08-14,13.63,13.63,13.63,13.63,0
2018-08-15,13.63,13.63,13.63,13.63,0
2018-08-16,13.63,13.63,13.63,13.63,0
2018-08-17,13.63,13.63,13.63,13.63,0
2018-08-20,13.63,13.63,13.63,13.63,0
2018-08-21,13.63,13.63,13.63,13.63,0
2018-08-22,13.63,13.63,13.63,13.63,0
2018-08-23,13.63,13.63,13.63,13.63,0
2018-08-24,13.63,13.63,13.63,13.63,0
2018-08-27,13.63,13.63,13.63,13.63,0
2018-08-28,13.63,13.63,13.63,13.63,0
2018-08-29,13.63,13.63,13.63,13.63,0
2018-08-30,13.63,13.63,13.63,13.63,0
2018-08-31,13.63,13.63,13.63,13.63,0
2018-09-04,13.63,13.63,13.63,13.63,0
2018-09-05,13.63,13.63,13.63,13.63,0
2018-09-06,13.63,13.63,13.63,13.63,0
2018-09-07,13.63,13.63,13.63,13.63,0
2018-09-10,13.63,13.63,13.63,13.63,0
2018-09-11,13.63,13.63,13.63,13.63,0
2018-09-12,13.63,13.63,13.63,13.63,0
2018-09-13,13.63,13.63,13.63,13.63,0
2018-09-14,13.63,13.63,13.63,13.63,0
2018-09-17,13.63,13.63,13.63,13.63,0
2018-09-18,13.63,13.63,13.63,13.63,0
2018-09-19,13.63,13.63,13.63,13.63,0
2018-09-20,13.63,13.63,13.63,13.63,0
2018-09-21,13.63,13.63,13.63,13.63,0
2018-09-24,13.63,13.63,13.63,13.63,0
2018-09-25,13.63,13.63,13.63,13.63,0
2018-09-26,13.63,13.63,13.63,13.63,0
2018-09-27,13.63,13.63,13.63,13.63,0
2018-09-28,13.63,13.63,13.63,13.63,0
2018-10-01,13.63,13.63,13.63,13.63,0
2018-10-02,13.63,13.63,13.63,13.63,0
2018-10-03,13.63,13.63,13.63,13.63,0
2018-10-04,13.63,13.63,13.63,13.63,0
2018-10-05,13.63,13.63,13.63,13.63,0
2018-10-08,13.63,13.63,13.63,13.63,0
2018-10-09,13.63,13.63,13.63,13.63,0
2018-10-10,13.63,13.63,13.63,13.63,0
2018-10-11,13.63,13.63,13.63,13.63,0
2018-10-12,13.63,13.63,13.63,13.63,0
2018-10-15,13.63,13.63,13.63,13.63,0
2018-10-16,13.63,13.63,13.63,13.63,0
2018-10-17,13.63,13.63,13.63,13.63,0
2018-10-18,13.63,13.63,13.63,13.63,0
2018-10-19,13.63,13.63,13.63,13.63,0
2018-10-22,13.63,13.63,13.63,13.63,0
2018-10-23,13.63,13.63,13.63,13.63,0
2018-10-24,13.63,13.63,13.63,13.63,0
2018-10-25,13.63,13.63,13.63,13.63,0
2018-10-26,13.63,13.63,13.63,13.63,0
2018-10-29,13.63,13.63,13.63,13.63,0
2018-10-30,13.63,13.63,13.63,13.63,0
2018-10-31,13.63,13.63,13.63,13.63,0
2018-11-01,13.63,13.63,13.63,13.63,0
2018-11-02,13.63,13.63,13.63,13.63,0
2018-11-05,13.63,13.63,13.63,13.63,0
2018-11-06,13.63,13.63,13.63,13.63,0
2018-11-07,13.63,13.63,13.63,13.63,0
2018-11-08,13.63,13.63,13.63,13.63,0
2018-11-09,13.63,13.63,13.63,13.63,0
2018-11-12,13.63,13.63,13.63,13.63,0
2018-11-13,13.63,13.63,13.63,13.63,0
2018-11-14,13.63,13.63,13.63,13.63,0
2018-11-15,13.63,13.63,13.63,13.63,0
2018-11-16,13.63,13.63,13.63,13.63,0
2018-11-19,13.63,13.63,13.63,13.63,0
2018-11-20,13.63,13.63,13.63,13.63,0
2018-11-21,13.63,13.63,13.63,13.63,0
2018-11-22,13.63,13.63,13.63,13.63,0
2018-11-23,13.63,13.63,13.63,13.63,0
2018-11-26,13.63,13.63,13.63,13.63,0
2018-11-27,13.63,13.63,13.63,13.63,0
2018-11-28,13.63,13.63,13.63,13.63,0
2018-11-29,13.63,13.63,13.63,13.63,0
2018-11-30,13.63,13.63,13.63,13.63,0
2018-12-03,13.63,13.63,13.63,13.63,0
2018-12-04,13.63,13.63,13.63,13.63,0
2018-12-05,13.63,13.63,13.63,13.63,0
2018-12-06,13.63,13.63,13.63,13.63,0
2018-12-07,13.63,13.63,13.63,13.63,0
2018-12-10,13.63,13.63,13.63,13.63,0
2018-12-11,13.63,13.63,13.63,13.63,0
2018-12-12,13.63,13.63,13.63,13.63,0
2018-12-13,13.63,13.63,13.63,13.63,0
2018-12-14,13.63,13.63,13.63,13.63,0
2018-12-17,13.63,13.63,13.63,13.63,0
2018-12-18,13.63,13.63,13.63,13.63,0
2018-12-19,13.63,13.63,13.63,13.63,0
2018-12-20,13.63,13.63,13.63,13.63,0
2018-12-21,13.63,13.63,13.63,13.63,0
2018-12-24,13.63,13.63,13.63,13.63,0
2018-12-25,13.63,13.63,13.63,13.63,0
2018-12-26,13.63,13.63,13.63,13.63,0
2018-12-27,13.63,13.63,13.63,13.63,0
2018-12-28,13.63,13.63,13.63,13.63,0
2019-01-02,13.63,13.63,13.63,13.63,0
2019-01-03,13.63,13.63,13.63,13.63,0
2019-01-04,13.63,13.63,13.63,13.63,0
2019-01-07,13.63,13.63,13.63,13.63,0
2019-01-08,13.63,13.63,13.63,13.63,0
2019-01-09,13.63,13.63,13.63,13.63,0
2019-01-10,13.63,13.63,13.63,13.63,0
2019-01-11,13.63,13.63,13.63,13.63,0
2019-01-14,13.63,13.63,13.63,13.63,0
2019-01-15,13.63,13.63,13.63,13.63,0
2019-01-16,13.63,13.63,13.63,13.63,0
2019-01-17,13.63,13.63,13.63,13.63,0
2019-01-18,13.63,13.63,13.63,13.63,0
2019-01-21,13.63,13.63,13.63,13.63,0
2019-01-22,13.63,13.63,13.63,13.63,0
2019-01-23,13.63,13.63,13.63,13.63,0
2019-01-24,13.63,13.63,13.63,13.63,0
2019-01-25,13.63,13.63,13.63,13.63,0
2019-01-28,13.63,13.63,13.63,13.63,0
2019-01-29,13.63,13.63,13.63,13.63,0
2019-01-30,13.63,13.63,13.63,13.63,0
2019-01-31,13.63,13.63,13.63,13.63,0
2019-02-01,13.63,13.63,13.63,13.63,0
2019-02-11,13.63,13.63,13.63,13.63,0
2019-02-12,13.63,13.63,13.63,13.63,0
2019-02-13,13.63,13.63,13.63,13.63,0
2019-02-14,13.63,13.63,13.63,13.63,0
2019-02-15,13.63,13.63,13.63,13.63,0
2019-02-18,13.63,13.63,13.63,13.63,0
2019-02-19,13.63,13.63,13.63,13.63,0
2019-02-20,13.63,13.63,13.63,13.63,0
2019-02-21,13.63,13.63,13.63,13.63,0
2019-02-22,13.63,13.63,13.63,13.63,0
2019-02-25,13.63,13.63,13.63,13.63,0
2019-02-26,13.63,13.63,13.63,13.63,0
2019-02-27,13.63,13.63,13.63,13.63,0
2019-02-28,13.63,13.63,13.63,13.63,0
2019-03-01,13.63,13.63,13.63,13.63,0
2019-03-04,13.63,13.63,13.63,13.63,0
2019-03-05,13.63,13.63,13.63,13.63,0
2019-03-06,13.63,13.63,13.63,13.63,0
2019-03-07,13.63,13.63,13.63,13.63,0
2019-03-08,13.63,13.63,13.63,13.63,0
2019-03-11,13.63,13.63,13.63,13.63,0
2019-03-12,13.63,13.63,13.63,13.63,0
2019-03-13,13.63,13.63,13.63,13.63,0
2019-03-14,13.63,13.63,13.63,13.63,0
2019-03-15,13.63,13.63,13.63,13.63,0
2019-03-18,13.63,13.63,13.63,13.63,0
2019-03-19,13.63,13.63,13.63,13.63,8
2019-03-20,13.63,13.63,13.63,13.63,0
2019-03-21,13.63,13.63,13.63,13.63,0
2019-03-22,13.63,13.63,13.63,13.63,0
2019-03-25,13.63,13.63,13.63,13.63,6
2019-03-26,12.27,12.27,12.27,12.27,100
2019-03-27,12.27,12.27,12.27,12.27,0
2019-03-28,12.27,12.27,12.27,12.27,0
2019-03-29,12.27,12.27,12.27,12.27,0
2019-04-01,12.27,12.27,12.27,12.27,0
2019-04-02,12.27,12.27,12.27,12.27,0
2019-04-03,12.27,12.27,12.27,12.27,0
2019-04-04,12.27,12.27,12.27,12.27,0
2019-04-05,12.27,12.27,12.27,12.27,900
2019-04-08,12.27,12.27,12.27,12.27,0
2019-04-09,12.27,12.27,12.27,12.27,0
2019-04-10,12.27,12.27,12.27,12.27,0
2019-04-11,12.27,12.27,12.27,12.27,0
2019-04-12,12.27,12.27,12.27,12.27,0
2019-04-16,12.27,12.27,12.27,12.27,0
2019-04-17,12.27,12.27,12.27,12.27,0
2019-04-18,12.27,12.27,12.27,12.27,0
2019-04-19,11.49,11.49,11.29,11.29,2200
2019-04-22,11.29,11.29,11.29,11.29,0
2019-04-23,11.29,11.29,11.29,11.29,0
2019-04-24,11.29,11.29,11.29,11.29,0
2019-04-25,11.68,11.68,11.68,11.68,25500
2019-04-26,11.58,11.58,11.58,11.58,100
2019-05-02,11.58,11.58,11.58,11.58,0
2019-05-03,11.58,11.58,11.58,11.58,0
2019-05-06,11.58,11.58,11.58,11.58,0
2019-05-07,11.58,11.58,11.58,11.58,0
2019-05-08,11.58,11.58,11.58,11.58,44
2019-05-09,11.58,11.58,11.58,11.58,0
2019-05-10,11.58,11.58,11.58,11.58,0
2019-05-13,11.58,11.58,11.58,11.58,0
2019-05-14,11.58,11.58,11.58,11.58,0
2019-05-15,11.58,11.58,11.58,11.58,0
2019-05-16,11.58,11.58,11.58,11.58,0
2019-05-17,11.58,11.58,11.58,11.58,0
2019-05-20,11.58,11.58,11.58,11.58,0
2019-05-21,11.58,11.58,11.58,11.58,0
2019-05-22,11.58,11.58,11.58,11.58,0
2019-05-23,11.58,11.58,11.58,11.58,0
2019-05-24,11.58,11.58,11.58,11.58,0
2019-05-27,11.58,11.58,11.58,11.58,0
2019-05-28,11.58,11.58,11.58,11.58,0
2019-05-29,11.58,11.58,11.58,11.58,0
2019-05-30,11.58,11.58,11.58,11.58,0
2019-05-31,11.58,11.58,11.58,11.58,0
2019-06-03,11.58,11.58,11.58,11.58,0
2019-06-04,11.58,11.58,11.58,11.58,0
2019-06-05,11.58,11.58,11.58,11.58,0
2019-06-06,11.58,11.58,11.58,11.58,0
2019-06-07,11.58,11.58,11.58,11.58,0
2019-06-10,11.58,11.58,11.58,11.58,0
2019-06-11,11.68,11.68,11.68,11.68,25000
2019-06-12,11.68,11.68,11.68,11.68,0
2019-06-13,11.68,11.68,11.68,11.68,0
2019-06-14,11.68,11.68,11.68,11.68,0
2019-06-17,11.68,11.68,11.68,11.68,0
2019-06-18,11.68,11.68,11.68,11.68,0
2019-06-19,11.68,11.68,11.68,11.68,0
2019-06-20,11.68,11.68,11.68,11.68,0
2019-06-21,11.68,11.68,11.68,11.68,0
2019-06-24,11.68,11.68,11.68,11.68,0
2019-06-25,11.68,11.68,11.68,11.68,0
2019-06-26,11.68,11.68,11.68,11.68,0
2019-06-27,11.68,11.68,11.68,11.68,0
2019-06-28,11.68,11.68,11.68,11.68,0
2019-07-01,11.68,11.68,11.68,11.68,0
2019-07-02,11.68,11.68,11.68,11.68,0
2019-07-03,11.68,11.68,11.68,11.68,0
2019-07-04,11.68,11.68,11.68,11.68,0
2019-07-05,11.68,11.68,11.68,11.68,0
2019-07-08,11.68,11.68,11.68,11.68,0
2019-07-09,11.68,11.68,11.68,11.68,0
2019-07-10,11.68,11.68,11.68,11.68,0
2019-07-11,11.68,11.68,11.68,11.68,0
2019-07-12,11.68,11.68,11.68,11.68,0
2019-07-15,11.68,11.68,11.68,11.68,0
2019-07-16,11.68,11.68,11.68,11.68,0
2019-07-17,11.68,11.68,11.68,11.68,0
2019-07-18,11.68,11.68,11.68,11.68,0
2019-07-19,11.68,11.68,11.68,11.68,0
2019-07-22,11.68,11.68,11.68,11.68,0
2019-07-23,11.68,11.68,11.68,11.68,0
2019-07-24,11.68,11.68,11.68,11.68,0
2019-07-25,11.68,11.68,11.68,11.68,0
2019-07-26,11.68,11.68,11.68,11.68,0
2019-07-29,11.68,11.68,11.68,11.68,0
2019-07-30,11.68,11.68,11.68,11.68,0
2019-07-31,11.68,11.68,11.68,11.68,0
2019-08-01,11.68,11.68,11.68,11.68,0
2019-08-02,11.68,11.68,11.68,11.68,0
2019-08-05,11.68,11.68,11.68,11.68,0
2019-08-06,11.68,11.68,11.68,11.68,0
2019-08-07,11.68,11.68,11.68,11.68,0
2019-08-08,11.68,11.68,11.68,11.68,0
2019-08-09,11.68,11.68,11.68,11.68,0
2019-08-12,11.68,11.68,11.68,11.68,0
2019-08-13,11.68,11.68,11.68,11.68,0
2019-08-14,11.68,11.68,11.68,11.68,0
2019-08-15,11.68,11.68,11.68,11.68,0
2019-08-16,11.68,11.68,11.68,11.68,0
2019-08-19,11.68,11.68,11.68,11.68,0
2019-08-20,11.68,11.68,11.68,11.68,0
2019-08-21,11.68,11.68,11.68,11.68,0
2019-08-22,11.68,11.68,11.68,11.68,0
2019-08-23,11.68,11.68,11.68,11.68,0
2019-08-26,11.68,11.68,11.68,11.68,0
2019-08-27,11.68,11.68,11.68,11.68,0
2019-08-28,11.68,11.68,11.68,11.68,2100
2019-08-29,11.68,11.68,11.68,11.68,0
2019-08-30,11.68,11.68,11.68,11.68,0
2019-09-03,11.68,11.68,11.68,11.68,0
2019-09-04,11.68,11.68,11.68,11.68,0
2019-09-05,11.68,11.68,11.68,11.68,0
2019-09-06,11.68,11.68,11.68,11.68,0
2019-09-09,11.68,11.68,11.68,11.68,0
2019-09-10,11.68,11.68,11.68,11.68,0
2019-09-11,11.68,11.68,11.68,11.68,0
2019-09-12,11.68,11.68,11.68,11.68,0
2019-09-13,11.68,11.68,11.68,11.68,0
2019-09-16,11.68,11.68,11.68,11.68,0
2019-09-17,11.68,11.68,11.68,11.68,0
2019-09-18,11.68,11.68,11.68,11.68,0
2019-09-19,11.68,11.68,11.68,11.68,0
2019-09-20,11.68,11.68,11.68,11.68,0
2019-09-23,11.68,11.68,11.68,11.68,0
2019-09-24,11.68,11.68,11.68,11.68,0
2019-09-25,11.68,11.68,11.68,11.68,0
2019-09-26,11.68,11.68,11.68,11.68,0
2019-09-27,11.68,11.68,11.68,11.68,0
2019-09-30,11.68,11.68,11.68,11.68,0
2019-10-01,11.68,11.68,11.68,11.68,0
2019-10-02,11.68,11.68,11.68,11.68,0
2019-10-03,11.68,11.68,11.68,11.68,0
2019-10-04,11.68,11.68,11.68,11.68,0
2019-10-07,11.68,11.68,11.68,11.68,0
2019-10-08,11.68,11.68,11.68,11.68,0
2019-10-09,11.68,11.68,11.68,11.68,0
2019-10-10,11.68,11.68,11.68,11.68,0
2019-10-11,11.68,11.68,11.68,11.68,0
2019-10-14,11.68,11.68,11.68,11.68,0
2019-10-15,11.68,11.68,11.68,11.68,0
2019-10-16,11.68,11.68,11.68,11.68,0
2019-10-17,11.68,11.68,11.68,11.68,0
2019-10-18,11.68,11.68,11.68,11.68,0
2019-10-21,11.68,11.68,11.68,11.68,0
2019-10-22,11.68,11.68,11.68,11.68,0
2019-10-23,11.68,11.68,11.68,11.68,0
2019-10-24,11.68,11.68,11.68,11.68,0
2019-10-25,11.68,11.68,11.68,11.68,0
2019-10-28,11.68,11.68,11.68,11.68,0
2019-10-29,11.68,11.68,11.68,11.68,0
2019-10-30,11.68,11.68,11.68,11.68,0
2019-10-31,11.68,11.68,11.68,11.68,0
2019-11-01,11.68,11.68,11.68,11.68,0
2019-11-04,11.68,11.68,11.68,11.68,0
2019-11-05,11.68,11.68,11.68,11.68,0
2019-11-06,11.68,11.68,11.68,11.68,0
2019-11-07,11.68,11.68,11.68,11.68,0
2019-11-08,11.68,11.68,11.68,11.68,0
2019-11-11,11.68,11.68,11.68,11.68,0
2019-11-12,11.68,11.68,11.68,11.68,0
2019-11-13,11.68,11.68,11.68,11.68,0
2019-11-14,11.68,11.68,11.68,11.68,0
2019-11-15,11.68,11.68,11.68,11.68,0
2019-11-18,11.68,11.68,11.68,11.68,0
2019-11-19,11.68,11.68,11.68,11.68,0
2019-11-20,11.68,11.68,11.68,11.68,0
2019-11-21,11.68,11.68,11.68,11.68,0
2019-11-22,11.68,11.68,11.68,11.68,0
2019-11-25,11.68,11.68,11.68,11.68,0
2019-11-26,11.68,11.68,11.68,11.68,0
2019-11-27,11.68,11.68,11.68,11.68,0
2019-11-28,11.68,11.68,11.68,11.68,0
2019-11-29,11.68,11.68,11.68,11.68,0
2019-12-02,11.68,11.68,11.68,11.68,0
2019-12-03,11.68,11.68,11.68,11.68,0
2019-12-04,11.68,11.68,11.68,11.68,0
2019-12-05,11.68,11.68,11.68,11.68,0
2019-12-06,11.68,11.68,11.68,11.68,0
2019-12-09,11.68,11.68,11.68,11.68,0
2019-12-10,11.68,11.68,11.68,11.68,0
2019-12-11,11.68,11.68,11.68,11.68,0
2019-12-12,11.68,11.68,11.68,11.68,0
2019-12-13,11.68,11.68,11.68,11.68,0
2019-12-16,11.68,11.68,11.68,11.68,0
2019-12-17,11.68,11.68,11.68,11.68,0
2019-12-18,11.68,11.68,11.68,11.68,0
2019-12-19,11.68,11.68,11.68,11.68,0
2019-12-20,11.68,11.68,11.68,11.68,0
2019-12-23,11.68,11.68,11.68,11.68,0
2019-12-24,11.68,11.68,11.68,11.68,0
2019-12-25,11.68,11.68,11.68,11.68,0
2019-12-26,11.68,11.68,11.68,11.68,0
2019-12-27,11.68,11.68,11.68,11.68,0
2019-12-30,11.68,11.68,11.68,11.68,0
2019-12-31,11.68,11.68,11.68,11.68,0
2020-01-02,11.68,11.68,11.68,11.68,0
2020-01-03,11.68,11.68,11.68,11.68,0
2020-01-06,11.68,11.68,11.68,11.68,0
2020-01-07,11.68,11.68,11.68,11.68,0
2020-01-08,11.68,11.68,11.68,11.68,0
2020-01-09,11.68,11.68,11.68,11.68,0
2020-01-10,11.68,11.68,11.68,11.68,0
2020-01-13,11.68,11.68,11.68,11.68,0
2020-01-14,11.68,11.68,11.68,11.68,0
2020-01-15,11.68,11.68,11.68,11.68,0
2020-01-16,11.68,11.68,11.68,11.68,0
2020-01-17,11.68,11.68,11.68,11.68,0
2020-01-20,11.68,11.68,11.68,11.68,0
2020-01-21,11.68,11.68,11.68,11.68,0
2020-01-22,11.68,11.68,11.68,11.68,0
2020-01-30,11.68,11.68,11.68,11.68,0
2020-01-31,11.68,11.68,11.68,11.68,0
2020-02-03,11.68,11.68,11.68,11.68,0
2020-02-04,11.68,11.68,11.68,11.68,0
2020-02-05,11.68,11.68,11.68,11.68,0
2020-02-06,11.68,11.68,11.68,11.68,0
2020-02-07,11.68,11.68,11.68,11.68,0
2020-02-10,11.68,11.68,11.68,11.68,0
2020-02-11,11.68,11.68,11.68,11.68,0
2020-02-12,11.68,11.68,11.68,11.68,0
2020-02-13,11.68,11.68,11.68,11.68,0
2020-02-14,11.68,11.68,11.68,11.68,0
2020-02-17,11.68,11.68,11.68,11.68,0
2020-02-18,11.68,11.68,11.68,11.68,0
2020-02-19,11.68,11.68,11.68,11.68,0
2020-02-20,11.68,11.68,11.68,11.68,0
2020-02-21,11.68,11.68,11.68,11.68,10
2020-02-24,11.68,11.68,11.68,11.68,0
2020-02-25,11.68,11.68,11.68,11.68,0
2020-02-26,11.68,11.68,11.68,11.68,0
2020-02-27,11.68,11.68,11.68,11.68,0
2020-02-28,11.68,11.68,11.68,11.68,0
2020-03-02,11.68,11.68,11.68,11.68,0
2020-03-03,11.68,11.68,11.68,11.68,0
2020-03-04,11.68,11.68,11.68,11.68,0
2020-03-05,11.68,11.68,11.68,11.68,0
2020-03-06,11.68,11.68,11.68,11.68,0
2020-03-09,11.68,11.68,11.68,11.68,0
2020-03-10,10.51,10.51,10.51,10.51,92000
2020-03-11,10.51,10.51,10.51,10.51,0
2020-03-12,10.51,10.51,10.51,10.51,0
2020-03-13,10.51,10.51,10.51,10.51,0
2020-03-16,10.51,10.51,10.51,10.51,0
2020-03-17,10.51,10.51,10.51,10.51,0
2020-03-18,10.51,10.51,10.51,10.51,0
2020-03-19,10.51,10.51,10.51,10.51,0
2020-03-20,10.51,10.51,10.51,10.51,0
2020-03-23,10.51,10.51,10.51,10.51,0
2020-03-24,10.51,10.51,10.51,10.51,0
2020-03-25,10.51,10.51,10.51,10.51,0
2020-03-26,10.51,10.51,10.51,10.51,0
2020-03-27,10.51,10.51,10.51,10.51,0
2020-03-30,10.51,10.51,10.51,10.51,0
2020-03-31,10.51,10.51,10.51,10.51,0
2020-04-01,10.51,10.51,10.51,10.51,0
2020-04-03,10.51,10.51,10.51,10.51,0
2020-04-06,10.51,10.51,10.51,10.51,0
2020-04-07,10.51,10.51,10.51,10.51,0
2020-04-08,10.51,10.51,10.51,10.51,0
2020-04-09,10.51,10.51,10.51,10.51,0
2020-04-10,10.51,10.51,10.51,10.51,0
2020-04-13,10.51,10.51,10.51,10.51,0
2020-04-14,10.51,10.51,10.51,10.51,10
2020-04-15,10.51,10.51,10.51,10.51,10
2020-04-16,10.51,10.51,10.51,10.51,0
2020-04-17,10.51,10.51,10.51,10.51,0
2020-04-20,10.51,10.51,10.51,10.51,0
2020-04-21,10.51,10.51,10.51,10.51,0
2020-04-22,10.51,10.51,10.51,10.51,0
2020-04-23,10.51,10.51,10.51,10.51,0
2020-04-24,10.51,10.51,10.51,10.51,0
2020-04-27,10.51,10.51,10.51,10.51,16
2020-04-28,10.51,10.51,10.51,10.51,0
2020-04-29,10.51,10.51,10.51,10.51,10
2020-05-04,10.51,10.51,10.51,10.51,0
2020-05-05,10.51,10.51,10.51,10.51,0
2020-05-06,9.74,9.74,9.74,9.74,110000
2020-05-07,9.74,9.74,9.74,9.74,0
2020-05-08,9.74,9.74,9.74,9.74,145010
2020-05-11,9.74,9.74,9.74,9.74,0
2020-05-12,9.74,9.74,9.74,9.74,0
2020-05-13,9.74,9.74,9.74,9.74,0
2020-05-14,9.74,9.74,9.74,9.74,0
2020-05-15,9.74,9.74,9.74,9.74,0
2020-05-18,9.74,9.74,9.74,9.74,0
2020-05-19,9.74,9.74,9.74,9.74,0
2020-05-20,9.74,9.74,9.74,9.74,0
2020-05-21,9.74,9.74,9.74,9.74,0
2020-05-22,9.74,9.74,9.74,9.74,0
2020-05-25,9.74,9.74,9.74,9.74,0
2020-05-26,9.74,9.74,9.74,9.74,0
2020-05-27,9.74,9.74,9.74,9.74,0
2020-05-28,9.74,9.74,9.74,9.74,2
2020-05-29,9.74,9.74,9.74,9.74,0
2020-06-01,9.74,9.74,9.74,9.74,0
2020-06-02,9.74,9.74,9.74,9.74,0
2020-06-03,9.74,9.74,9.74,9.74,0
2020-06-04,9.74,9.74,9.74,9.74,6
2020-06-05,9.74,9.74,9.74,9.74,0
2020-06-08,9.74,9.74,9.74,9.74,0
2020-06-09,9.74,9.74,9.74,9.74,0
2020-06-10,9.74,9.74,9.74,9.74,0
2020-06-11,9.74,9.74,9.74,9.74,0
2020-06-12,9.74,9.74,9.74,9.74,0
2020-06-15,9.74,9.74,9.74,9.74,0
2020-06-16,9.74,9.74,9.74,9.74,0
2020-06-17,9.74,9.74,9.74,9.74,0
2020-06-18,9.74,9.74,9.74,9.74,0
2020-06-19,9.74,9.74,9.74,9.74,0
2020-06-22,9.74,9.74,9.74,9.74,0
2020-06-23,9.74,9.74,9.74,9.74,20
2020-06-24,9.74,9.74,9.74,9.74,0
2020-06-25,9.74,9.74,9.74,9.74,0
2020-06-26,9.74,9.74,9.74,9.74,0
2020-06-29,9.74,9.74,9.74,9.74,0
2020-06-30,9.74,9.74,9.74,9.74,0
2020-07-01,9.74,9.74,9.74,9.74,0
2020-07-02,9.74,9.74,9.74,9.74,0
2020-07-03,9.74,9.74,9.74,9.74,20
2020-07-06,9.74,9.74,9.74,9.74,13
2020-07-07,9.74,9.74,9.74,9.74,0
2020-07-08,9.74,9.74,9.74,9.74,0
2020-07-09,9.74,9.74,9.74,9.74,0
2020-07-10,9.74,9.74,9.74,9.74,0
2020-07-13,9.74,9.74,9.74,9.74,0
2020-07-14,9.74,9.74,9.74,9.74,0
2020-07-15,9.74,9.74,9.74,9.74,0
2020-07-16,9.74,9.74,9.74,9.74,0
2020-07-17,9.74,9.74,9.74,9.74,0
2020-07-20,9.74,9.74,9.74,9.74,0
2020-07-21,9.74,9.74,9.74,9.74,0
2020-07-22,9.74,9.74,9.74,9.74,0
2020-07-23,9.74,9.74,9.74,9.74,0
2020-07-24,9.74,9.74,9.74,9.74,0
2020-07-27,9.74,9.74,9.74,9.74,0
2020-07-28,9.74,9.74,9.74,9.74,0
2020-07-29,9.74,9.74,9.74,9.74,0
2020-07-30,9.74,9.74,9.74,9.74,0
2020-07-31,9.74,9.74,9.74,9.74,0
2020-08-03,9.74,9.74,9.74,9.74,0
2020-08-04,9.74,9.74,9.74,9.74,0
2020-08-05,9.74,9.74,9.74,9.74,0
2020-08-06,9.74,9.74,9.74,9.74,0
2020-08-07,9.74,9.74,9.74,9.74,0
2020-08-10,9.74,9.74,9.74,9.74,0
2020-08-11,9.74,9.74,9.74,9.74,0
2020-08-12,9.74,9.74,9.74,9.74,0
2020-08-13,9.74,9.74,9.74,9.74,0
2020-08-14,9.74,9.74,9.74,9.74,0
2020-08-17,9.74,9.74,9.74,9.74,0
2020-08-18,9.74,9.74,9.74,9.74,0
2020-08-19,9.74,9.74,9.74,9.74,0
2020-08-20,9.74,9.74,9.74,9.74,0
2020-08-21,9.74,9.74,9.74,9.74,0
2020-08-24,9.74,9.74,9.74,9.74,0
2020-08-25,9.74,9.74,9.74,9.74,1
2020-08-26,9.74,9.74,9.74,9.74,0
2020-08-27,9.74,9.74,9.74,9.74,0
2020-08-28,9.74,9.74,9.74,9.74,40
2020-08-31,9.74,9.74,9.74,9.74,0
2020-09-01,9.74,9.74,9.74,9.74,0
2020-09-03,9.74,9.74,9.74,9.74,0
2020-09-04,9.74,9.74,9.74,9.74,0
2020-09-07,9.74,9.74,9.74,9.74,0
2020-09-08,9.74,9.74,9.74,9.74,0
2020-09-09,9.74,9.74,9.74,9.74,0
2020-09-10,9.74,9.74,9.74,9.74,0
2020-09-11,9.74,9.74,9.74,9.74,0
2020-09-14,9.74,9.74,9.74,9.74,0
2020-09-15,9.74,9.74,9.74,9.74,0
2020-09-16,9.74,9.74,9.74,9.74,0
2020-09-17,9.74,9.74,9.74,9.74,0
2020-09-18,9.74,9.74,9.74,9.74,4
2020-09-21,9.74,9.74,9.74,9.74,0
2020-09-22,9.74,9.74,9.74,9.74,0
2020-09-23,9.74,9.74,9.74,9.74,0
2020-09-24,10.71,10.71,10.71,10.71,100
2020-09-25,11.68,11.68,11.68,11.68,100
2020-09-28,11.68,11.68,11.68,11.68,86
2020-09-29,11.68,11.68,11.68,11.68,0
2020-09-30,11.68,11.68,11.68,11.68,0
2020-10-01,11.68,11.68,11.68,11.68,0
2020-10-02,11.68,11.68,11.68,11.68,0
2020-10-05,11.68,11.68,11.68,11.68,0
2020-10-06,11.68,11.68,11.68,11.68,0
2020-10-07,11.68,11.68,11.68,11.68,0
2020-10-08,11.68,11.68,11.68,11.68,0
2020-10-09,11.68,11.68,11.68,11.68,0
2020-10-12,11.68,11.68,11.68,11.68,0
2020-10-13,11.68,11.68,11.68,11.68,0
2020-10-14,12.85,12.85,12.85,12.85,100
2020-10-15,14.12,14.12,14.12,14.12,100
2020-10-16,15.48,15.48,15.48,15.48,100
2020-10-19,15.48,15.48,15.48,15.48,0
2020-10-20,15.48,15.48,15.48,15.48,0
2020-10-21,15.48,15.48,15.48,15.48,0
2020-10-22,15.48,15.48,15.48,15.48,0
2020-10-23,15.48,15.48,15.48,15.48,0
2020-10-26,15.48,15.48,15.48,15.48,0
2020-10-27,15.48,15.48,15.48,15.48,0
2020-10-28,15.48,15.48,15.48,15.48,0
2020-10-29,15.48,15.48,15.48,15.48,0
2020-10-30,15.48,15.48,15.48,15.48,0
2020-11-02,15.48,15.48,15.48,15.48,0
2020-11-03,15.48,15.48,15.48,15.48,0
2020-11-04,15.48,15.48,15.48,15.48,0
2020-11-05,15.48,15.48,15.48,15.48,0
2020-11-06,15.48,15.48,15.48,15.48,0
2020-11-09,15.48,15.48,15.48,15.48,0
2020-11-10,16.94,16.94,16.94,16.94,100
2020-11-11,18.59,18.59,18.59,18.59,100
2020-11-12,18.59,18.59,18.59,18.59,0
2020-11-13,19.47,19.47,19.47,19.47,100
2020-11-16,19.47,19.47,19.47,19.47,0
2020-11-17,19.47,19.47,19.47,19.47,0
2020-11-18,21.42,21.42,21.42,21.42,100
2020-11-19,21.42,21.42,21.42,21.42,0
2020-11-20,23.36,23.36,23.36,23.36,100
2020-11-23,23.36,23.36,23.36,23.36,0
2020-11-24,24.82,24.82,24.82,24.82,100
2020-11-25,24.82,24.82,24.82,24.82,0
2020-11-26,25.31,25.31,25.31,25.31,100
2020-11-27,25.31,25.31,25.31,25.31,0
2020-11-30,25.31,25.31,25.31,25.31,0
2020-12-01,25.31,25.31,25.31,25.31,0
2020-12-02,25.31,25.31,25.31,25.31,0
2020-12-03,25.31,25.31,25.31,25.31,0
2020-12-04,25.31,25.31,25.31,25.31,0
2020-12-07,25.31,25.31,25.31,25.31,0
2020-12-08,25.31,25.31,25.31,25.31,0
2020-12-09,25.31,25.31,25.31,25.31,0
2020-12-10,25.31,25.31,25.31,25.31,0
2020-12-11,25.31,25.31,25.31,25.31,0
2020-12-14,25.31,25.31,25.31,25.31,0
2020-12-15,25.31,25.31,25.31,25.31,0
2020-12-16,25.31,25.31,25.31,25.31,0
2020-12-17,25.31,25.31,25.31,25.31,0
2020-12-18,25.31,25.31,25.31,25.31,0
2020-12-21,25.31,25.31,25.31,25.31,0
2020-12-22,25.31,25.31,25.31,25.31,0
2020-12-23,25.31,25.31,25.31,25.31,0
2020-12-24,25.31,25.31,25.31,25.31,0
2020-12-25,25.31,25.31,25.31,25.31,0
2020-12-28,25.31,25.31,25.31,25.31,0
2020-12-29,25.31,25.31,25.31,25.31,0
2020-12-30,25.8,25.8,25.8,25.8,100
2020-12-31,25.8,25.8,25.8,25.8,0
2021-01-04,25.8,25.8,25.8,25.8,0
2021-01-05,25.8,25.8,25.8,25.8,0
2021-01-06,25.8,25.8,25.8,25.8,0
2021-01-07,25.8,25.8,25.8,25.8,0
2021-01-08,26.09,26.09,26.09,26.09,100
2021-01-11,26.09,26.09,26.09,26.09,0
2021-01-12,26.09,26.09,26.09,26.09,0
2021-01-13,26.09,26.09,26.09,26.09,0
2021-01-14,26.09,26.09,26.09,26.09,0
2021-01-15,26.09,26.09,26.09,26.09,0
2021-01-18,26.09,26.09,26.09,26.09,0
2021-01-19,26.09,26.09,26.09,26.09,0
2021-01-20,28.62,28.62,28.62,28.62,100
2021-01-21,28.62,28.62,28.62,28.62,0
2021-01-22,28.62,28.62,28.62,28.62,0
2021-01-25,28.62,28.62,28.62,28.62,0
2021-01-26,28.62,28.62,28.62,28.62,0
2021-01-27,28.62,28.62,28.62,28.62,0
2021-01-28,28.62,28.62,28.62,28.62,0
2021-01-29,28.62,28.62,28.62,28.62,0
2021-02-01,28.62,28.62,28.62,28.62,0
2021-02-02,28.62,28.62,28.62,28.62,0
2021-02-03,28.62,28.62,28.62,28.62,0
2021-02-04,28.62,28.62,28.62,28.62,0
2021-02-05,28.62,28.62,28.62,28.62,0
2021-02-08,28.62,28.62,28.62,28.62,0
2021-02-09,28.62,28.62,28.62,28.62,0
2021-02-17,28.62,28.62,28.62,28.62,0
2021-02-18,28.62,28.62,28.62,28.62,0
2021-02-19,28.62,28.62,28.62,28.62,0
2021-02-22,28.62,28.62,28.62,28.62,0
2021-02-23,28.62,28.62,28.62,28.62,0
2021-02-24,28.62,28.62,28.62,28.62,0
2021-02-25,28.62,28.62,28.62,28.62,0
2021-02-26,31.44,31.44,31.44,31.44,100
2021-03-01,33.1,33.1,33.1,33.1,100
2021-03-02,33.1,33.1,33.1,33.1,0
2021-03-03,33.1,33.1,33.1,33.1,0
2021-03-04,33.1,33.1,33.1,33.1,0
2021-03-05,33.1,33.1,33.1,33.1,0
2021-03-08,33.1,33.1,33.1,33.1,0
2021-03-09,33.1,33.1,33.1,33.1,0
2021-03-10,33.1,33.1,33.1,33.1,0
2021-03-11,33.1,33.1,33.1,33.1,0
2021-03-12,33.1,33.1,33.1,33.1,0
2021-03-15,33.1,33.1,33.1,33.1,0
2021-03-16,33.1,33.1,33.1,33.1,0
2021-03-17,33.1,33.1,33.1,33.1,0
2021-03-18,33.1,33.1,33.1,33.1,0
2021-03-19,33.1,33.1,33.1,33.1,0
2021-03-22,33.1,33.1,33.1,33.1,0
2021-03-23,33.1,33.1,33.1,33.1,0
2021-03-24,33.1,33.1,33.1,33.1,0
2021-03-25,33.1,33.1,33.1,33.1,0
2021-03-26,33.1,33.1,33.1,33.1,0
2021-03-29,33.1,33.1,33.1,33.1,0
2021-03-30,33.1,33.1,33.1,33.1,0
2021-03-31,35.05,35.05,35.05,35.05,100
2021-04-01,34.07,34.07,34.07,34.07,100
2021-04-02,34.07,34.07,34.07,34.07,0
2021-04-05,34.07,34.07,34.07,34.07,0
2021-04-06,34.07,34.07,34.07,34.07,0
2021-04-07,34.07,34.07,34.07,34.07,10
2021-04-08,34.07,34.07,34.07,34.07,0
2021-04-09,34.07,34.07,34.07,34.07,100
2021-04-12,34.07,34.07,34.07,34.07,0
2021-04-13,34.07,34.07,34.07,34.07,0
2021-04-14,34.07,34.07,34.07,34.07,0
2021-04-15,34.07,34.07,34.07,34.07,0
2021-04-16,34.07,34.07,34.07,34.07,0
2021-04-19,34.07,34.07,34.07,34.07,0
2021-04-20,34.07,34.07,34.07,34.07,0
2021-04-22,34.07,34.07,34.07,34.07,0
2021-04-23,34.07,34.07,34.07,34.07,0
2021-04-26,34.07,34.07,34.07,34.07,0
2021-04-27,34.07,34.07,34.07,34.07,0
2021-04-28,34.07,34.07,34.07,34.07,0
2021-04-29,34.07,34.07,34.07,34.07,0
2021-05-04,30.67,30.67,30.67,30.67,100
2021-05-05,32.13,32.13,32.13,32.13,100
2021-05-06,32.13,32.13,32.13,32.13,0
2021-05-07,32.13,32.13,32.13,32.13,0
2021-05-10,32.13,32.13,32.13,32.13,0
2021-05-11,32.13,32.13,32.13,32.13,0
2021-05-12,31.15,31.15,31.15,31.15,200
2021-05-13,31.15,31.15,31.15,31.15,100
2021-05-14,31.15,31.15,31.15,31.15,0
2021-05-17,31.15,31.15,31.15,31.15,0
2021-05-18,31.15,31.15,31.15,31.15,0
2021-05-19,31.15,31.15,31.15,31.15,0
2021-05-20,33.1,33.1,33.1,33.1,100
2021-05-21,33.1,33.1,33.1,33.1,0
2021-05-24,33.1,33.1,33.1,33.1,0
2021-05-25,33.1,33.1,33.1,33.1,0
2021-05-26,33.1,33.1,33.1,33.1,0
2021-05-27,33.1,33.1,33.1,33.1,0
2021-05-28,33.1,33.1,33.1,33.1,0
2021-05-31,33.1,33.1,33.1,33.1,0
2021-06-01,33.1,33.1,33.1,33.1,0
2021-06-02,33.1,33.1,33.1,33.1,0
2021-06-03,33.1,33.1,33.1,33.1,0
2021-06-04,33.1,33.1,33.1,33.1,0
2021-06-07,33.1,33.1,33.1,33.1,100
2021-06-08,33.1,33.1,33.1,33.1,0
2021-06-09,32.13,32.13,32.13,32.13,4500
2021-06-10,32.13,32.13,32.13,32.13,0
2021-06-11,32.13,32.13,32.13,32.13,0
2021-06-14,32.13,32.13,32.13,32.13,0
2021-06-15,32.13,32.13,32.13,32.13,0
2021-06-16,32.13,32.13,32.13,32.13,0
2021-06-17,32.13,32.13,32.13,32.13,0
2021-06-18,32.13,32.13,32.13,32.13,0
2021-06-21,32.13,32.13,32.13,32.13,0
2021-06-22,32.13,32.13,32.13,32.13,0
2021-06-23,32.13,32.13,32.13,32.13,0
2021-06-24,32.13,32.13,32.13,32.13,0
2021-06-25,32.13,32.13,32.13,32.13,0
2021-06-28,32.13,32.13,32.13,32.13,0
2021-06-29,32.13,32.13,32.13,32.13,0
2021-06-30,32.13,32.13,32.13,32.13,0
2021-07-01,32.13,32.13,32.13,32.13,0
2021-07-02,32.13,32.13,32.13,32.13,0
2021-07-05,32.13,32.13,32.13,32.13,0
2021-07-06,32.13,32.13,32.13,32.13,0
2021-07-07,32.13,32.13,32.13,32.13,0
2021-07-08,32.13,32.13,32.13,32.13,0
2021-07-09,32.13,32.13,32.13,32.13,0
2021-07-12,32.13,32.13,32.13,32.13,0
2021-07-13,32.13,32.13,32.13,32.13,0
2021-07-14,32.13,32.13,32.13,32.13,0
2021-07-15,32.13,32.13,32.13,32.13,0
2021-07-16,32.13,32.13,32.13,32.13,0
2021-07-19,32.13,32.13,32.13,32.13,0
2021-07-20,32.13,32.13,32.13,32.13,0
2021-07-21,32.13,32.13,32.13,32.13,0
2021-07-22,32.13,32.13,32.13,32.13,0
2021-07-23,32.13,32.13,32.13,32.13,0
2021-07-26,32.13,32.13,32.13,32.13,0
2021-07-27,32.13,32.13,32.13,32.13,0
2021-07-28,32.13,32.13,32.13,32.13,0
2021-07-29,32.13,32.13,32.13,32.13,0
2021-07-30,32.13,32.13,32.13,32.13,5
2021-08-02,32.13,32.13,32.13,32.13,0
2021-08-03,32.13,32.13,32.13,32.13,0
2021-08-04,32.13,32.13,32.13,32.13,0
2021-08-05,32.13,32.13,32.13,32.13,0
2021-08-06,32.13,32.13,32.13,32.13,0
2021-08-09,32.13,32.13,32.13,32.13,0
2021-08-10,32.13,32.13,32.13,32.13,0
2021-08-11,32.13,32.13,32.13,32.13,0
2021-08-12,32.13,32.13,32.13,32.13,0
2021-08-13,32.13,32.13,32.13,32.13,0
2021-08-16,32.13,32.13,32.13,32.13,0
2021-08-17,32.13,32.13,32.13,32.13,0
2021-08-18,32.13,32.13,32.13,32.13,0
2021-08-19,32.13,32.13,32.13,32.13,0
2021-08-20,32.13,32.13,32.13,32.13,0
2021-08-23,32.13,32.13,32.13,32.13,0
2021-08-24,32.13,32.13,32.13,32.13,0
2021-08-25,32.13,32.13,32.13,32.13,0
2021-08-26,32.13,32.13,32.13,32.13,0
2021-08-27,32.13,32.13,32.13,32.13,0
2021-08-30,32.13,32.13,32.13,32.13,0
2021-08-31,32.13,32.13,32.13,32.13,0
2021-09-01,32.13,32.13,32.13,32.13,0
2021-09-06,32.13,32.13,32.13,32.13,0
2021-09-07,32.13,32.13,32.13,32.13,0
2021-09-08,28.91,28.91,28.91,28.91,925
2021-09-09,28.91,28.91,28.91,28.91,0
2021-09-10,28.91,28.91,28.91,28.91,0
2021-09-13,28.91,28.91,28.91,28.91,30
2021-09-14,28.91,28.91,28.91,28.91,0
2021-09-15,28.91,28.91,28.91,28.91,20
2021-09-16,28.91,28.91,28.91,28.91,0
2021-09-17,28.91,28.91,28.91,28.91,8
2021-09-20,28.91,28.91,28.91,28.91,0
2021-09-21,28.91,28.91,28.91,28.91,1
2021-09-22,28.91,28.91,28.91,28.91,9
2021-09-23,28.91,28.91,28.91,28.91,0
2021-09-24,28.91,28.91,28.91,28.91,0
2021-09-27,28.91,28.91,28.91,28.91,0
2021-09-28,28.91,28.91,28.91,28.91,0
2021-09-29,28.91,28.91,28.91,28.91,0
2021-09-30,28.91,28.91,28.91,28.91,0
2021-10-01,28.91,28.91,28.91,28.91,0
2021-10-04,28.91,28.91,28.91,28.91,0
2021-10-05,28.91,28.91,28.91,28.91,0
2021-10-06,28.91,28.91,28.91,28.91,0
2021-10-07,28.91,28.91,28.91,28.91,0
2021-10-08,28.91,28.91,28.91,28.91,0
2021-10-11,28.91,28.91,28.91,28.91,0
2021-10-12,28.91,28.91,28.91,28.91,0
2021-10-13,28.91,28.91,28.91,28.91,30
2021-10-14,28.91,28.91,28.91,28.91,0
2021-10-15,28.91,28.91,28.91,28.91,0
2021-10-18,28.91,28.91,28.91,28.91,25
2021-10-19,28.91,28.91,28.91,28.91,0
2021-10-20,28.91,28.91,28.91,28.91,0
2021-10-21,28.91,28.91,28.91,28.91,0
2021-10-22,28.91,28.91,28.91,28.91,0
2021-10-25,28.91,28.91,28.91,28.91,0
2021-10-26,28.91,28.91,28.91,28.91,0
2021-10-27,28.91,28.91,28.91,28.91,0
2021-10-28,28.91,28.91,28.91,28.91,0
2021-10-29,28.91,28.91,28.91,28.91,0
2021-11-01,28.91,28.91,28.91,28.91,0
2021-11-02,28.91,28.91,28.91,28.91,0
2021-11-03,28.91,28.91,28.91,28.91,89
2021-11-04,28.91,28.91,28.91,28.91,0
2021-11-05,28.91,28.91,28.91,28.91,0
2021-11-08,28.91,28.91,28.91,28.91,0
2021-11-09,28.91,28.91,28.91,28.91,100
2021-11-10,28.91,28.91,28.91,28.91,0
2021-11-11,28.91,28.91,28.91,28.91,0
2021-11-12,26.09,26.09,26.09,26.09,1300
2021-11-15,23.75,23.75,23.75,23.75,516
2021-11-16,21.71,21.71,21.42,21.61,6400
2021-11-17,21.61,21.61,21.61,21.61,121
2021-11-18,19.47,21.42,19.47,21.42,7100
2021-11-19,19.47,22.39,19.47,22.39,2946
2021-11-22,20.15,21.42,20.15,21.42,1700
2021-11-23,21.42,21.42,21.42,21.42,0
2021-11-24,21.42,21.42,21.42,21.42,0
2021-11-25,21.42,21.42,21.42,21.42,1
2021-11-26,19.47,19.47,19.28,19.28,7410
2021-11-29,17.52,19.47,17.43,17.52,7843
2021-11-30,17.62,17.62,15.77,15.77,21800
2021-12-01,15.87,16.55,15.87,16.35,9416
2021-12-02,16.26,16.45,16.06,16.45,11600
2021-12-03,16.45,16.45,15.77,15.97,5300
2021-12-06,15.58,15.77,15.58,15.77,236
2021-12-07,17.13,17.13,14.41,14.6,5100
2021-12-08,14.6,14.6,13.92,13.92,1500
2021-12-09,13.92,13.92,13.92,13.92,800
2021-12-10,13.92,13.92,13.43,13.43,12401
2021-12-13,13.53,14.21,13.43,14.21,1100
2021-12-14,14.21,14.99,14.21,14.6,3600
2021-12-15,13.43,13.63,13.43,13.63,500
2021-12-16,13.14,13.14,13.14,13.14,4000
2021-12-17,12.17,14.12,12.17,14.12,7400
2021-12-20,14.12,14.12,14.12,14.12,0
2021-12-21,14.02,14.02,13.63,13.63,3600
2021-12-22,13.43,13.63,13.43,13.63,600
2021-12-23,12.27,12.27,12.27,12.27,5800
2021-12-24,11.2,13.43,11.1,13.43,4300
2021-12-27,13.43,13.43,13.43,13.43,0
2021-12-28,13.24,14.12,12.36,14.12,15000
2021-12-29,13.53,13.53,13.53,13.53,3400
2021-12-30,13.53,13.53,13.53,13.53,1000
2021-12-31,13.53,13.53,13.53,13.53,0
2022-01-04,12.27,13.14,12.27,13.14,43159
2022-01-05,13.24,13.43,13.24,13.24,3300
2022-01-06,13.34,14.12,13.34,14.12,1100
2022-01-07,14.12,14.12,13.24,13.43,16138
2022-01-10,13.43,13.43,12.75,13.43,4000
2022-01-11,13.14,13.82,13.14,13.82,400
2022-01-12,13.82,13.82,13.82,13.82,2300
2022-01-13,13.73,13.82,13.14,13.82,1200
2022-01-14,13.63,13.63,13.63,13.63,100
2022-01-17,13.63,13.63,13.24,13.24,500
2022-01-18,13.14,13.24,12.27,13.24,300
2022-01-19,13.63,13.63,12.27,13.53,1500
2022-01-20,13.53,13.53,13.53,13.53,1100
2022-01-21,12.66,12.66,12.66,12.66,600
2022-01-24,12.36,13.63,12.27,13.63,8600
2022-01-25,13.63,13.63,13.63,13.63,0
2022-01-26,12.46,12.46,12.46,12.46,600
2022-01-27,13.63,13.63,13.63,13.63,100
2022-01-28,12.66,13.63,12.36,13.63,2500
2022-02-07,13.63,13.63,13.63,13.63,0
2022-02-08,13.53,13.63,12.75,12.75,1000
2022-02-09,12.75,13.63,12.75,13.63,1600
2022-02-10,12.95,13.63,12.95,13.63,500
2022-02-11,13.63,13.63,13.43,13.53,1000
2022-02-14,13.53,13.53,12.66,13.53,1600
2022-02-15,13.53,13.53,13.43,13.43,300
2022-02-16,13.43,13.43,13.43,13.43,0
2022-02-17,13.14,13.82,13.14,13.82,1100
2022-02-18,13.82,13.82,13.82,13.82,0
2022-02-21,13.82,13.82,13.82,13.82,0
2022-02-22,13.14,13.43,13.14,13.34,1800
2022-02-23,13.63,13.63,13.63,13.63,100
2022-02-24,13.63,13.63,13.63,13.63,0
2022-02-25,13.63,13.63,13.14,13.53,600
2022-02-28,13.63,13.63,13.53,13.53,3100
2022-03-01,13.53,13.53,13.53,13.53,100
2022-03-02,12.85,13.82,12.36,13.63,7000
2022-03-03,13.63,13.63,13.63,13.63,216
2022-03-04,13.63,13.63,13.63,13.63,2100
2022-03-07,13.63,13.63,12.85,13.43,500
2022-03-08,13.43,13.53,13.43,13.53,1400
2022-03-09,13.14,13.53,13.14,13.53,2000
2022-03-10,13.34,13.53,13.34,13.53,900
2022-03-11,13.53,13.53,13.53,13.53,2800
2022-03-14,13.53,13.82,13.53,13.82,400
2022-03-15,13.73,13.73,13.73,13.73,2000
2022-03-16,13.82,14.41,13.82,14.41,2300
2022-03-17,14.7,15.09,14.51,15.09,1800
2022-03-18,15.09,15.09,15.09,15.09,1200
2022-03-21,15.09,15.09,15.09,15.09,0
2022-03-22,14.6,14.6,14.6,14.6,206
2022-03-23,14.41,14.41,14.41,14.41,2500
2022-03-24,14.41,14.41,14.41,14.41,0
2022-03-25,14.41,14.41,14.41,14.41,100
2022-03-28,14.41,14.41,14.41,14.41,300
2022-03-29,14.41,14.41,14.41,14.41,0
2022-03-30,14.41,14.41,14.41,14.41,0
2022-03-31,13.53,13.53,13.04,13.24,1200
2022-04-01,14.31,14.31,14.31,14.31,200
2022-04-04,14.12,14.12,14.12,14.12,200
2022-04-05,14.12,14.41,14.12,14.12,1802
2022-04-06,14.12,14.12,14.12,14.12,0
2022-04-07,14.12,14.12,14.12,14.12,0
2022-04-08,14.12,14.12,14.12,14.12,0
2022-04-12,14.02,14.02,14.02,14.02,400
2022-04-13,12.85,14.02,12.85,14.02,200
2022-04-14,14.02,14.02,14.02,14.02,0
2022-04-15,14.02,14.02,14.02,14.02,0
2022-04-18,13.43,14.02,13.43,14.02,400
2022-04-19,13.63,13.63,13.63,13.63,100
2022-04-20,13.63,13.63,13.63,13.63,0
2022-04-21,13.63,13.63,13.63,13.63,0
2022-04-22,13.63,13.63,13.63,13.63,2100
2022-04-25,13.63,13.63,13.63,13.63,0
2022-04-26,13.63,13.63,13.63,13.63,0
2022-04-27,13.63,13.63,13.63,13.63,0
2022-04-28,13.63,13.63,13.63,13.63,500
2022-04-29,13.63,13.63,13.63,13.63,0
2022-05-04,13.63,13.63,13.63,13.63,0
2022-05-05,13.63,13.63,13.63,13.63,0
2022-05-06,13.63,13.63,13.63,13.63,0
2022-05-09,13.63,13.63,13.63,13.63,0
2022-05-10,13.63,13.63,13.63,13.63,0
2022-05-11,13.63,13.63,13.63,13.63,0
2022-05-12,13.53,13.53,13.53,13.53,300
2022-05-13,13.53,13.53,13.53,13.53,0
2022-05-16,13.53,13.53,13.53,13.53,0
2022-05-17,13.53,13.53,13.53,13.53,0
2022-05-18,12.56,12.56,12.56,12.56,100
2022-05-19,11.78,12.56,11.78,12.56,400
2022-05-20,13.14,13.14,13.14,13.14,100
2022-05-23,13.14,13.14,13.14,13.14,0
2022-05-24,13.14,13.14,13.14,13.14,0
2022-05-25,13.14,13.14,13.14,13.14,0
2022-05-26,13.14,13.14,13.14,13.14,0
2022-05-27,11.97,13.14,11.88,13.14,1300
2022-05-30,11.88,11.88,11.88,11.88,100
2022-05-31,13.04,13.04,11.88,12.95,1200
2022-06-01,11.68,12.95,11.68,12.95,1700
2022-06-02,12.46,12.46,12.46,12.46,100
2022-06-03,12.46,13.04,12.46,13.04,1200
2022-06-06,11.97,13.04,11.97,13.04,300
2022-06-07,11.88,11.88,11.88,11.88,900
2022-06-08,11.88,11.88,11.88,11.88,0
2022-06-09,12.17,12.17,12.17,12.17,400
2022-06-10,12.17,12.17,12.17,12.17,0
2022-06-13,11.78,11.78,11.78,11.78,100
2022-06-14,11.78,11.78,11.78,11.78,0
2022-06-15,11.78,11.78,11.78,11.78,0
2022-06-16,11.68,11.68,11.68,11.68,600
2022-06-17,11.68,11.68,11.68,11.68,1000
2022-06-20,11.68,11.68,11.68,11.68,0
2022-06-21,11.68,11.68,11.68,11.68,0
2022-06-22,11.68,11.68,11.68,11.68,0
2022-06-23,11.68,11.68,11.68,11.68,0
2022-06-24,11.68,11.68,11.68,11.68,0
2022-06-27,12.17,12.17,12.17,12.17,100
2022-06-28,12.17,12.17,12.17,12.17,0
2022-06-29,12.56,12.56,12.56,12.56,100
2022-06-30,12.56,12.56,12.56,12.56,0
2022-07-01,12.56,12.56,12.56,12.56,0
2022-07-04,12.56,12.56,12.56,12.56,0
2022-07-05,12.56,12.56,12.56,12.56,0
2022-07-06,12.56,12.56,12.56,12.56,0
2022-07-07,12.56,12.56,12.56,12.56,0
2022-07-08,12.56,12.56,12.56,12.56,0
2022-07-11,12.56,12.56,12.56,12.56,0
2022-07-12,12.56,12.56,12.56,12.56,0
2022-07-13,12.56,12.56,12.56,12.56,0
2022-07-14,12.56,12.56,12.56,12.56,0
2022-07-15,12.56,12.56,12.56,12.56,0
2022-07-18,12.56,12.56,12.56,12.56,0
2022-07-19,11.39,11.68,11.39,11.68,1800
2022-07-20,11.68,11.68,11.68,11.68,0
2022-07-21,11.78,12.07,11.78,12.07,1800
2022-07-22,12.07,12.07,12.07,12.07,0
2022-07-25,11.0,11.88,11.0,11.88,400
2022-07-26,11.68,12.17,10.9,12.17,2300
2022-07-27,11.0,12.07,11.0,12.07,300
2022-07-28,11.2,11.88,11.2,11.88,1600
2022-07-29,11.88,11.88,11.88,11.88,100
2022-08-01,11.29,11.68,11.2,11.68,500
2022-08-02,11.0,11.68,11.0,11.68,300
2022-08-03,11.68,11.68,11.68,11.68,300
2022-08-04,11.68,11.68,11.68,11.68,0
2022-08-05,11.0,11.58,11.0,11.58,200
2022-08-08,11.58,11.58,11.0,11.49,9500
2022-08-09,11.49,11.49,11.49,11.49,0
2022-08-10,11.49,11.49,11.49,11.49,0
2022-08-11,11.49,11.49,11.49,11.49,200
2022-08-12,11.49,11.49,11.49,11.49,300
2022-08-15,11.49,11.49,11.49,11.49,0
2022-08-16,11.49,11.49,11.49,11.49,0
2022-08-17,11.58,11.58,11.58,11.58,200
2022-08-18,11.58,11.58,11.58,11.58,200
2022-08-19,11.1,11.58,10.9,11.58,2900
2022-08-22,11.58,11.58,11.58,11.58,0
2022-08-23,11.68,11.68,11.39,11.39,800
2022-08-24,11.39,11.39,11.39,11.39,0
2022-08-25,11.39,11.39,11.39,11.39,0
2022-08-26,10.61,11.29,10.61,11.29,600
2022-08-29,11.29,11.29,11.29,11.29,0
2022-08-30,11.29,11.29,11.29,11.29,0
2022-08-31,11.29,11.29,11.29,11.29,0
2022-09-05,10.42,10.42,10.32,10.32,700
2022-09-06,10.32,10.32,10.32,10.32,500
2022-09-07,10.32,10.32,10.32,10.32,0
2022-09-08,10.81,10.81,9.44,9.44,2300
2022-09-09,10.03,10.12,10.03,10.12,501
2022-09-12,10.12,10.12,10.12,10.12,7
2022-09-13,10.12,11.0,10.12,11.0,300
2022-09-14,11.0,11.0,11.0,11.0,54
2022-09-15,11.0,11.0,11.0,11.0,0
2022-09-16,11.0,11.0,11.0,11.0,140
2022-09-19,11.0,11.2,11.0,11.2,2000
2022-09-20,11.2,11.2,11.2,11.2,0
2022-09-21,11.2,11.2,11.2,11.2,0
2022-09-22,11.2,11.2,11.2,11.2,0
2022-09-23,10.71,11.68,10.12,11.68,6430
2022-09-26,11.68,11.68,11.68,11.68,0
2022-09-27,10.51,10.51,10.51,10.51,210
2022-09-28,10.51,10.51,10.51,10.51,0
2022-09-29,10.51,10.51,10.51,10.51,0
2022-09-30,10.03,10.03,10.03,10.03,100
2022-10-03,10.9,10.9,10.9,10.9,101
2022-10-04,10.9,10.9,10.9,10.9,0
2022-10-05,10.9,10.9,10.9,10.9,0
2022-10-06,10.9,10.9,10.9,10.9,0
2022-10-07,10.9,10.9,10.9,10.9,10
2022-10-10,10.9,10.9,10.9,10.9,0
2022-10-11,10.9,10.9,10.9,10.9,0
2022-10-12,10.9,10.9,10.9,10.9,0
2022-10-13,10.9,10.9,10.9,10.9,0
2022-10-14,10.9,10.9,10.9,10.9,0
2022-10-17,10.9,10.9,10.9,10.9,0
2022-10-18,10.9,10.9,10.9,10.9,0
2022-10-19,10.9,10.9,10.9,10.9,0
2022-10-20,10.9,10.9,10.9,10.9,0
2022-10-21,10.9,10.9,10.9,10.9,0
2022-10-24,10.9,10.9,10.9,10.9,0
2022-10-25,10.9,10.9,10.9,10.9,0
2022-10-26,10.9,10.9,10.9,10.9,0
2022-10-27,10.9,10.9,10.9,10.9,0
2022-10-28,10.9,10.9,10.9,10.9,0
2022-10-31,10.9,10.9,10.9,10.9,0
2022-11-01,10.9,10.9,10.9,10.9,0
2022-11-02,10.9,10.9,10.9,10.9,0
2022-11-03,10.22,10.22,10.22,10.22,2100
2022-11-04,10.22,10.22,10.22,10.22,0
2022-11-07,10.22,10.22,10.22,10.22,1
2022-11-08,10.22,10.22,10.22,10.22,0
2022-11-09,10.22,10.22,10.22,10.22,0
2022-11-10,10.22,10.22,10.22,10.22,0
2022-11-11,10.22,10.22,10.22,10.22,1
2022-11-14,10.22,10.22,10.22,10.22,0
2022-11-15,10.22,10.22,10.22,10.22,0
2022-11-16,9.25,9.25,9.25,9.25,2200
2022-11-17,9.25,9.25,9.25,9.25,0
2022-11-18,9.25,9.25,9.25,9.25,0
2022-11-21,9.25,9.25,9.25,9.25,0
2022-11-22,9.25,9.25,9.25,9.25,0
2022-11-23,9.25,9.25,9.25,9.25,0
2022-11-24,9.25,9.25,9.25,9.25,0
2022-11-25,9.25,9.25,9.25,9.25,0
2022-11-28,9.25,9.25,9.25,9.25,0
2022-11-29,9.25,9.25,9.25,9.25,0
2022-11-30,9.25,9.25,9.25,9.25,0
2022-12-01,9.25,9.25,9.25,9.25,0
2022-12-02,10.12,10.12,10.12,10.12,100
2022-12-05,10.71,10.71,10.71,10.71,100
2022-12-06,10.71,10.71,10.71,10.71,0
2022-12-07,10.71,10.71,10.71,10.71,0
2022-12-08,10.71,10.71,10.71,10.71,0
2022-12-09,10.71,10.71,10.71,10.71,0
2022-12-12,10.71,10.71,10.71,10.71,0
2022-12-13,10.71,10.71,10.71,10.71,0
2022-12-14,10.71,10.71,10.71,10.71,0
2022-12-15,10.71,10.71,10.71,10.71,0
2022-12-16,10.71,10.71,10.71,10.71,0
2022-12-19,10.71,10.71,10.71,10.71,0
2022-12-20,10.71,10.71,10.71,10.71,0
2022-12-21,10.71,10.71,10.71,10.71,0
2022-12-22,10.71,10.71,10.71,10.71,0
2022-12-23,10.71,10.71,10.71,10.71,0
2022-12-26,10.71,10.71,10.71,10.71,0
2022-12-27,10.71,10.71,10.71,10.71,0
2022-12-28,10.71,10.71,10.71,10.71,0
2022-12-29,10.71,10.71,10.71,10.71,0
2022-12-30,10.71,10.71,10.71,10.71,0
2023-01-03,10.71,10.71,10.71,10.71,0
2023-01-04,10.71,10.71,10.71,10.71,0
2023-01-05,10.71,10.71,10.71,10.71,0
2023-01-06,10.71,10.71,10.71,10.71,0
2023-01-09,10.71,10.71,10.71,10.71,0
2023-01-10,10.71,10.71,10.71,10.71,0
2023-01-11,10.71,10.71,10.71,10.71,0
2023-01-12,10.71,10.71,10.71,10.71,0
2023-01-13,10.71,10.71,10.71,10.71,0
2023-01-16,10.71,10.71,10.71,10.71,0
2023-01-17,11.78,11.78,11.78,11.78,100
2023-01-18,11.78,11.78,11.78,11.78,0
2023-01-19,11.78,11.78,11.78,11.78,0
2023-01-27,11.78,11.78,11.78,11.78,0
2023-01-30,11.78,11.78,11.78,11.78,0
2023-01-31,11.78,11.78,11.78,11.78,0
2023-02-01,11.78,11.78,11.78,11.78,0
2023-02-02,11.78,11.78,11.78,11.78,0
2023-02-03,11.78,11.78,11.78,11.78,0
2023-02-06,11.78,11.78,11.78,11.78,0
2023-02-07,11.78,11.78,11.78,11.78,0
2023-02-08,11.78,11.78,11.78,11.78,0
2023-02-09,11.78,11.78,11.78,11.78,0
2023-02-10,11.78,12.95,11.68,11.68,400
2023-02-13,11.68,11.68,11.68,11.68,0
2023-02-14,11.68,11.68,11.68,11.68,0
2023-02-15,11.68,11.68,11.68,11.68,0
2023-02-16,12.75,12.75,12.75,12.75,100
2023-02-17,12.75,12.75,12.75,12.75,0
2023-02-20,12.75,12.75,12.75,12.75,0
2023-02-21,12.75,12.75,12.75,12.75,0
2023-02-22,12.75,12.75,12.75,12.75,0
2023-02-23,12.75,12.75,12.75,12.75,0
2023-02-24,12.75,12.75,12.75,12.75,0
2023-02-27,12.75,12.75,12.75,12.75,0
2023-02-28,12.75,12.75,12.75,12.75,0
2023-03-01,12.75,12.75,12.75,12.75,0
2023-03-02,12.75,12.75,12.75,12.75,0
2023-03-03,12.75,12.75,12.75,12.75,0
2023-03-06,12.75,12.75,12.75,12.75,0
2023-03-07,12.75,12.75,12.75,12.75,0
2023-03-08,12.75,12.75,12.75,12.75,0
2023-03-09,12.75,12.75,12.75,12.75,0
2023-03-10,12.75,12.75,12.75,12.75,0
2023-03-13,12.75,12.75,12.75,12.75,0
2023-03-14,12.75,12.75,12.75,12.75,0
2023-03-15,12.75,12.75,12.75,12.75,0
2023-03-16,12.75,12.75,12.75,12.75,0
2023-03-17,12.75,12.75,12.75,12.75,0
2023-03-20,12.75,12.75,12.75,12.75,0
2023-03-21,12.75,12.75,12.75,12.75,0
2023-03-22,12.75,12.75,12.75,12.75,0
2023-03-23,12.75,12.75,12.75,12.75,0
2023-03-24,12.75,12.75,12.75,12.75,0
2023-03-27,12.75,12.75,12.75,12.75,0
2023-03-28,12.75,12.75,12.75,12.75,0
2023-03-29,12.75,12.75,12.75,12.75,0
2023-03-30,12.75,12.75,12.75,12.75,0
2023-03-31,12.75,12.75,12.75,12.75,0
2023-04-03,12.75,12.75,12.75,12.75,0
2023-04-04,12.75,12.75,12.75,12.75,0
2023-04-05,12.75,12.75,12.75,12.75,0
2023-04-06,12.75,12.75,12.75,12.75,0
2023-04-07,12.75,12.75,12.75,12.75,0
2023-04-10,12.75,12.75,12.75,12.75,0
2023-04-11,12.75,12.75,12.75,12.75,0
2023-04-12,12.75,12.75,12.75,12.75,0
2023-04-13,12.75,12.75,12.75,12.75,0
2023-04-14,12.75,12.75,12.75,12.75,0
2023-04-17,12.66,12.66,11.49,11.49,800
2023-04-18,11.0,11.0,11.0,11.0,100
2023-04-19,11.0,11.0,11.0,11.0,0
2023-04-20,11.0,11.0,11.0,11.0,0
2023-04-21,11.0,11.0,11.0,11.0,0
2023-04-24,11.0,11.0,11.0,11.0,0
2023-04-25,11.0,11.0,11.0,11.0,0
2023-04-26,11.0,11.0,11.0,11.0,0
2023-04-27,11.0,11.0,11.0,11.0,0
2023-04-28,11.0,11.0,11.0,11.0,0
2023-05-04,11.0,11.0,11.0,11.0,0
2023-05-05,11.0,11.0,11.0,11.0,0
2023-05-08,11.0,11.0,11.0,11.0,0
2023-05-09,11.0,11.0,11.0,11.0,0
2023-05-10,11.0,11.0,11.0,11.0,0
2023-05-11,11.0,11.0,11.0,11.0,0
2023-05-12,11.0,11.0,11.0,11.0,13
2023-05-15,11.0,11.0,11.0,11.0,0
2023-05-16,11.0,11.0,11.0,11.0,0
2023-05-17,11.0,11.0,11.0,11.0,0
2023-05-18,11.0,11.0,11.0,11.0,0
2023-05-19,11.0,11.0,11.0,11.0,1
2023-05-22,11.0,11.0,11.0,11.0,0
2023-05-23,11.0,11.0,11.0,11.0,0
2023-05-24,9.9,11.1,9.9,11.1,221
2023-05-25,11.1,11.1,11.1,11.1,0
2023-05-26,11.4,11.4,11.4,11.4,100
2023-05-29,11.4,11.4,11.4,11.4,0
2023-05-30,11.4,11.4,11.4,11.4,20
2023-05-31,10.3,11.2,10.3,11.2,200
2023-06-01,11.2,11.2,11.2,11.2,0
2023-06-02,11.2,11.2,11.2,11.2,0
2023-06-05,10.1,10.9,10.1,10.1,2000
2023-06-06,9.5,10.2,9.5,9.9,9031
2023-06-07,10.7,10.7,10.0,10.7,5500
2023-06-08,11.2,11.6,10.0,10.9,4210
2023-06-09,10.2,10.4,10.1,10.2,4300
2023-06-12,10.4,10.4,10.1,10.4,2307
2023-06-13,10.1,10.2,10.1,10.1,2200
2023-06-14,10.1,11.0,10.0,11.0,17700
2023-06-15,10.2,10.2,9.9,9.9,10100
2023-06-16,10.0,10.0,10.0,10.0,100
2023-06-19,10.0,10.0,9.4,10.0,5610
2023-06-20,9.2,9.3,9.2,9.3,1200
2023-06-21,9.5,9.9,9.5,9.9,800
2023-06-22,10.3,10.3,9.8,10.0,600
2023-06-23,9.4,9.9,9.3,9.3,3900
2023-06-26,9.3,9.9,9.3,9.9,6900
2023-06-27,9.3,9.8,9.3,9.7,2017
2023-06-28,9.3,9.3,9.3,9.3,100
2023-06-29,9.5,9.5,9.3,9.3,500
2023-06-30,9.5,9.6,9.2,9.6,1600
2023-07-03,9.5,9.5,9.2,9.3,300
2023-07-04,9.5,9.5,9.5,9.5,900
2023-07-05,9.6,9.6,9.6,9.6,110
2023-07-06,9.6,9.6,9.6,9.6,0
2023-07-07,9.3,9.3,8.7,8.9,5900
2023-07-10,8.9,8.9,8.9,8.9,0
2023-07-11,8.9,8.9,8.9,8.9,300
2023-07-12,9.3,9.3,9.3,9.3,400
2023-07-13,9.6,9.6,9.1,9.1,600
2023-07-14,9.6,9.6,9.6,9.6,100
2023-07-17,9.5,9.5,9.5,9.5,400
2023-07-18,9.5,9.5,9.5,9.5,200
2023-07-19,9.5,9.5,9.5,9.5,0
2023-07-20,9.4,9.4,9.4,9.4,100
2023-07-21,9.4,9.4,9.4,9.4,100
2023-07-24,9.3,9.4,9.3,9.4,1100
2023-07-25,9.0,9.6,9.0,9.6,800
2023-07-26,9.6,9.6,9.6,9.6,0
2023-07-27,9.1,9.1,9.1,9.1,100
2023-07-28,9.1,9.7,9.1,9.7,300
2023-07-31,9.7,9.7,9.7,9.7,1100
2023-08-01,9.2,9.2,9.2,9.2,300
2023-08-02,9.2,9.2,9.2,9.2,0
2023-08-03,9.5,9.5,9.5,9.5,100
2023-08-04,9.6,9.6,9.6,9.6,200
2023-08-07,9.2,9.2,9.2,9.2,1506
2023-08-08,9.2,9.2,9.2,9.2,500
2023-08-09,9.6,9.6,9.4,9.4,1400
2023-08-10,9.3,9.6,9.3,9.6,1100
2023-08-11,9.7,9.7,9.7,9.7,300
2023-08-14,9.7,9.7,9.7,9.7,500
2023-08-15,9.7,9.7,9.7,9.7,0
2023-08-16,9.7,9.7,9.7,9.7,600
2023-08-17,9.7,9.7,9.7,9.7,0
2023-08-18,9.0,9.0,9.0,9.0,1000
2023-08-21,9.0,9.6,9.0,9.6,700
2023-08-22,9.6,9.6,9.0,9.0,600
2023-08-23,9.5,9.5,9.5,9.5,100
2023-08-24,9.5,9.5,9.5,9.5,200
2023-08-25,9.5,9.5,9.5,9.5,0
2023-08-28,9.5,9.5,9.5,9.5,0
2023-08-29,9.5,9.5,9.5,9.5,0
2023-08-30,9.5,9.5,9.5,9.5,0
2023-08-31,9.5,9.5,9.5,9.5,200
2023-09-05,9.5,9.5,9.5,9.5,0
2023-09-06,9.5,10.1,9.0,10.0,1100
2023-09-07,10.0,10.0,10.0,10.0,0
2023-09-08,10.0,10.0,10.0,10.0,0
2023-09-11,9.4,9.9,9.4,9.8,4500
2023-09-12,9.0,9.9,9.0,9.9,600
2023-09-13,9.0,9.9,9.0,9.9,200
2023-09-14,9.9,9.9,9.9,9.9,0
2023-09-15,9.8,9.8,9.8,9.8,100
2023-09-18,9.7,9.7,9.7,9.7,500
2023-09-19,9.7,9.9,9.0,9.9,300
2023-09-20,9.9,9.9,9.2,9.2,300
2023-09-21,9.0,9.8,9.0,9.8,723
2023-09-22,9.8,9.8,9.8,9.8,200
2023-09-25,9.8,9.8,9.8,9.8,0
2023-09-26,9.8,9.8,9.8,9.8,0
2023-09-27,9.8,9.8,9.7,9.7,200
2023-09-28,9.0,9.0,9.0,9.0,100
2023-09-29,9.0,9.0,9.0,9.0,0
2023-10-02,8.6,9.7,8.5,9.7,400
2023-10-03,8.9,9.8,8.9,9.8,200
2023-10-04,9.0,9.0,9.0,9.0,100
2023-10-05,9.0,9.0,9.0,9.0,100
2023-10-06,8.6,8.6,8.5,8.5,200
2023-10-09,9.2,9.3,9.2,9.3,500
2023-10-10,9.3,9.3,9.3,9.3,600
2023-10-11,8.8,9.8,8.8,9.8,205
2023-10-12,9.6,9.6,9.6,9.6,110
2023-10-13,9.2,9.5,9.1,9.1,1000
2023-10-16,9.1,9.1,9.1,9.1,0
2023-10-17,9.3,9.3,9.3,9.3,200
2023-10-18,9.3,9.3,9.3,9.3,0
2023-10-19,9.1,9.1,9.1,9.1,300
2023-10-20,9.4,9.4,9.4,9.4,300
2023-10-23,9.4,9.4,9.4,9.4,28
2023-10-24,9.4,9.4,9.4,9.4,0
2023-10-25,9.4,9.4,9.4,9.4,0
2023-10-26,9.4,9.4,9.4,9.4,0
2023-10-27,9.4,9.4,9.4,9.4,0
2023-10-30,9.4,9.4,9.4,9.4,28
2023-10-31,9.4,9.4,9.4,9.4,0
2023-11-01,8.6,9.7,8.6,9.7,300
2023-11-02,9.7,9.7,9.7,9.7,28
2023-11-03,9.7,9.7,9.7,9.7,0
2023-11-06,9.7,9.7,9.7,9.7,0
2023-11-07,9.7,9.7,9.7,9.7,0
2023-11-08,9.7,9.7,9.7,9.7,0
2023-11-09,9.8,10.6,9.8,10.6,15200
2023-11-10,11.5,11.5,11.5,11.5,200
2023-11-13,11.5,11.5,11.5,11.5,0
2023-11-14,11.5,11.5,11.5,11.5,0
2023-11-15,10.4,10.4,10.4,10.4,1900
2023-11-16,9.4,9.5,9.4,9.4,2400
2023-11-17,9.4,9.4,9.4,9.4,300
2023-11-20,9.4,9.4,9.4,9.4,0
2023-11-21,9.4,9.4,9.4,9.4,400
2023-11-22,9.4,9.4,9.4,9.4,0
2023-11-23,9.4,9.4,9.4,9.4,0
2023-11-24,9.4,9.4,9.4,9.4,0
2023-11-27,9.4,9.4,9.4,9.4,0
2023-11-28,9.4,9.4,9.4,9.4,0
2023-11-29,9.4,9.4,9.4,9.4,0
2023-11-30,9.4,9.4,9.4,9.4,0
2023-12-01,9.4,9.4,9.4,9.4,100
2023-12-04,9.4,9.4,9.4,9.4,0
2023-12-05,9.4,9.4,9.4,9.4,0
2023-12-06,9.4,9.4,9.4,9.4,0
2023-12-07,9.4,9.4,9.4,9.4,0
2023-12-08,9.4,9.4,9.4,9.4,0
2023-12-11,9.4,9.4,9.4,9.4,0
2023-12-12,9.4,9.4,9.4,9.4,0
2023-12-13,10.3,10.3,10.3,10.3,100
2023-12-14,10.3,10.3,10.3,10.3,0
2023-12-15,10.3,10.3,10.3,10.3,0
2023-12-18,10.3,10.3,10.3,10.3,0
2023-12-19,10.3,10.3,10.3,10.3,0
2023-12-20,10.3,10.3,10.3,10.3,0
2023-12-21,9.5,9.6,9.5,9.5,600
2023-12-22,9.5,9.5,9.5,9.5,0
2023-12-25,9.5,9.5,9.5,9.5,600
2023-12-26,9.5,9.5,9.5,9.5,0
2023-12-27,10.4,10.4,10.4,10.4,100
2023-12-28,9.4,10.3,9.4,10.3,200
2023-12-29,10.8,10.8,10.8,10.8,100
2024-01-02,10.8,10.8,10.8,10.8,0
2024-01-03,10.8,10.8,10.8,10.8,0
2024-01-04,10.8,10.8,10.8,10.8,0
2024-01-05,10.4,11.8,9.8,10.0,4100
2024-01-08,10.0,10.5,10.0,10.5,9300
2024-01-09,10.8,10.9,10.8,10.8,600
2024-01-10,10.8,10.8,10.8,10.8,0
2024-01-11,9.8,9.8,9.8,9.8,7900
2024-01-12,8.9,8.9,8.9,8.9,100
2024-01-15,8.2,9.7,8.2,9.5,900
2024-01-16,9.5,9.5,9.5,9.5,0
2024-01-17,9.4,9.5,9.4,9.5,600
2024-01-18,9.4,9.4,9.4,9.4,100
2024-01-19,9.1,9.1,9.1,9.1,100
2024-01-22,9.1,9.1,9.1,9.1,400
2024-01-23,9.1,9.1,9.1,9.1,0
2024-01-24,9.4,9.4,9.4,9.4,100
2024-01-25,9.4,9.4,9.4,9.4,0
2024-01-26,9.4,9.4,9.4,9.4,0
2024-01-29,9.4,9.4,9.4,9.4,0
2024-01-30,9.4,9.4,9.4,9.4,0
2024-01-31,9.4,9.4,9.4,9.4,0
2024-02-01,9.4,9.4,9.4,9.4,0
2024-02-02,9.4,9.4,9.4,9.4,100
2024-02-05,10.2,10.2,10.2,10.2,100
2024-02-06,10.2,10.2,10.2,10.2,0
2024-02-07,10.2,10.2,10.2,10.2,0
2024-02-15,11.2,11.2,11.2,11.2,100
2024-02-16,11.2,11.2,11.2,11.2,1000
2024-02-19,11.2,11.2,11.2,11.2,0
2024-02-20,11.2,11.2,11.2,11.2,0
2024-02-21,11.2,11.2,11.2,11.2,0
2024-02-22,10.5,10.5,10.1,10.1,2300
2024-02-23,10.1,10.1,10.1,10.1,200
2024-02-26,10.1,10.1,10.1,10.1,100
2024-02-27,10.1,10.1,10.1,10.1,0
2024-02-28,10.1,10.1,10.1,10.1,0
2024-02-29,10.1,10.1,10.1,10.1,0
2024-03-01,10.0,10.0,10.0,10.0,600
2024-03-04,11.0,11.0,11.0,11.0,200
2024-03-05,11.0,11.0,11.0,11.0,0
2024-03-06,10.5,10.5,10.2,10.2,2500
2024-03-07,11.0,11.0,11.0,11.0,100
2024-03-08,11.0,11.0,11.0,11.0,0
2024-03-11,10.0,10.5,9.9,10.5,700
2024-03-12,10.5,10.5,10.5,10.5,0
2024-03-13,10.4,10.4,10.4,10.4,100
2024-03-14,10.4,10.4,10.4,10.4,0
2024-03-15,10.0,10.0,10.0,10.0,500
2024-03-18,10.0,10.0,10.0,10.0,1300
2024-03-19,10.0,10.0,10.0,10.0,0
2024-03-20,10.0,10.0,10.0,10.0,0
2024-03-21,10.0,10.0,10.0,10.0,0
2024-03-22,9.5,9.5,9.5,9.5,400
2024-03-25,9.1,9.1,9.1,9.1,100
2024-03-26,9.1,9.1,9.1,9.1,0
2024-03-27,8.6,8.6,8.3,8.5,44500
2024-03-28,8.4,9.3,8.4,8.5,16200
2024-03-29,8.3,8.5,8.0,8.5,17300
2024-04-01,8.7,9.2,8.5,9.2,5500
2024-04-02,9.6,9.6,8.7,9.2,4900
2024-04-03,9.2,9.2,9.2,9.2,0
2024-04-04,9.1,9.2,9.1,9.2,700
2024-04-05,9.1,9.1,8.9,9.0,3000
2024-04-08,9.0,9.0,9.0,9.0,0
2024-04-09,8.5,9.1,8.5,9.1,3400
2024-04-10,9.2,9.2,9.0,9.2,1500
2024-04-11,9.5,9.5,8.9,9.1,600
2024-04-12,9.0,9.4,9.0,9.4,600
2024-04-15,8.7,8.7,8.6,8.6,1800
2024-04-16,8.6,8.9,8.6,8.9,4700
2024-04-17,8.9,8.9,8.9,8.9,0
2024-04-19,8.9,8.9,8.9,8.9,1200
2024-04-22,8.9,8.9,8.9,8.9,0
2024-04-23,8.8,8.8,8.8,8.8,700
2024-04-24,9.2,9.2,9.2,9.2,100
2024-04-25,8.8,9.6,8.8,9.6,500
2024-04-26,9.7,9.7,9.0,9.0,900
2024-05-02,9.0,9.0,9.0,9.0,100
2024-05-03,9.0,9.0,9.0,9.0,1100
2024-05-06,9.0,9.0,9.0,9.0,0
2024-05-07,9.0,9.0,9.0,9.0,0
2024-05-08,9.0,9.0,9.0,9.0,0
2024-05-09,9.0,9.0,9.0,9.0,900
2024-05-10,9.0,9.0,8.9,8.9,753
2024-05-13,9.0,9.0,8.9,8.9,300
2024-05-14,9.1,9.1,9.0,9.0,3620
2024-05-15,9.0,9.0,9.0,9.0,33
2024-05-16,9.0,9.0,9.0,9.0,1300
2024-05-17,9.0,9.0,9.0,9.0,0
2024-05-20,9.7,9.7,9.7,9.7,100
2024-05-21,9.9,9.9,9.9,9.9,100
2024-05-22,9.1,9.8,9.1,9.1,3600
2024-05-23,9.1,9.5,9.1,9.5,2100
2024-05-24,9.2,9.3,9.2,9.3,500
2024-05-27,9.0,9.1,9.0,9.1,500
2024-05-28,9.1,9.1,9.1,9.1,0
2024-05-29,9.1,9.1,9.1,9.1,0
2024-05-30,9.1,9.1,9.1,9.1,0
2024-05-31,9.3,9.4,8.5,9.4,4800
2024-06-03,9.4,9.4,9.4,9.4,0
2024-06-04,9.0,9.3,9.0,9.3,5300
2024-06-05,9.3,9.3,9.3,9.3,0
2024-06-06,9.3,9.3,9.3,9.3,600
2024-06-07,9.3,9.3,9.3,9.3,0
2024-06-10,9.3,9.3,9.3,9.3,0
2024-06-11,9.1,9.1,9.1,9.1,500
2024-06-12,9.4,9.4,9.4,9.4,100
2024-06-13,9.4,9.4,9.4,9.4,100
2024-06-14,9.4,9.4,9.4,9.4,0
2024-06-17,9.3,9.3,9.3,9.3,500
2024-06-18,9.3,9.3,9.3,9.3,0
2024-06-19,9.1,9.1,9.1,9.1,100
2024-06-20,9.3,9.3,9.3,9.3,100
2024-06-21,9.3,9.3,9.3,9.3,200
2024-06-24,9.1,9.1,9.1,9.1,300
2024-06-25,9.1,9.1,9.1,9.1,0
2024-06-26,9.1,9.5,9.1,9.5,420
2024-06-27,9.5,9.5,9.3,9.3,2900
2024-06-28,9.3,9.3,9.3,9.3,100
2024-07-01,9.4,9.4,9.3,9.3,300
2024-07-02,9.2,9.5,9.2,9.5,200
2024-07-03,9.5,9.5,9.5,9.5,0
2024-07-04,9.5,9.5,9.5,9.5,300
2024-07-05,9.5,9.5,9.5,9.5,0
2024-07-08,9.5,9.5,9.5,9.5,720
2024-07-09,9.5,9.5,9.5,9.5,0
2024-07-10,9.5,9.5,9.5,9.5,0
2024-07-11,9.5,9.5,9.5,9.5,6
2024-07-12,9.3,9.3,9.3,9.3,1201
2024-07-15,9.6,9.6,9.6,9.6,300
2024-07-16,9.5,9.5,9.5,9.5,100
2024-07-17,9.3,9.3,9.3,9.3,200
2024-07-18,9.3,9.3,9.3,9.3,0
2024-07-19,9.3,9.3,9.3,9.3,0
2024-07-22,9.3,9.3,9.3,9.3,0
2024-07-23,9.3,9.3,9.3,9.3,0
2024-07-24,9.1,9.1,9.1,9.1,1000
2024-07-25,9.1,9.1,9.1,9.1,0
2024-07-26,9.5,9.8,9.5,9.8,900
2024-07-29,9.8,9.8,9.3,9.3,300
2024-07-30,9.7,9.7,9.6,9.6,100
2024-08-07,9.6,9.6,9.6,9.6,200
2024-08-08,9.3,9.3,9.3,9.3,200
2024-08-12,9.7,9.7,9.7,9.7,100
2024-08-13,9.3,9.5,9.3,9.5,400
2024-08-15,9.2,9.2,9.2,9.2,200
2024-08-16,9.0,9.5,8.9,9.5,2000
2024-08-19,9.2,9.2,9.2,9.2,1200
2024-08-20,9.1,9.2,9.1,9.2,400
2024-08-21,9.1,9.1,9.1,9.1,400
2024-08-22,9.1,9.1,9.0,9.0,4000
2024-08-23,9.0,9.0,9.0,9.0,500
2024-08-26,9.0,9.0,9.0,9.0,900
2024-08-27,9.0,9.0,9.0,9.0,500
2024-08-28,9.0,9.0,9.0,9.0,200
2024-08-30,9.0,9.0,9.0,9.0,1300
2024-09-04,9.5,9.5,9.5,9.5,1000
2024-09-06,9.5,9.5,9.5,9.5,300
2024-09-09,9.4,9.4,9.4,9.4,100
2024-09-11,9.2,9.2,9.1,9.1,200
2024-09-12,9.5,9.5,9.5,9.5,100
2024-09-13,9.5,9.5,9.5,9.5,1000
2024-09-17,8.6,9.4,8.6,9.4,1100
2024-09-18,8.5,9.4,8.5,9.4,1700
2024-09-19,10.1,10.1,9.1,9.1,700
2024-09-20,9.0,9.0,9.0,9.0,400
2024-09-23,8.9,9.4,8.9,9.4,300
2024-09-27,9.0,9.0,9.0,9.0,200
2024-09-30,9.0,9.0,9.0,9.0,400
2024-10-01,9.4,9.4,9.0,9.0,400
2024-10-02,9.0,9.4,9.0,9.3,200
2024-10-04,8.9,9.3,8.9,9.3,200
2024-10-08,9.0,9.5,9.0,9.5,200
2024-10-11,9.1,9.1,9.1,9.1,100
2024-10-15,9.0,9.3,9.0,9.3,200
2024-10-28,8.8,9.3,8.8,9.3,700
2024-10-29,9.3,9.3,9.3,9.3,100
2024-11-07,9.1,9.1,9.1,9.1,1000
2024-11-08,9.1,9.1,9.1,9.1,100
2024-11-12,9.1,9.1,9.1,9.1,200
2024-11-14,9.2,9.2,9.2,9.2,200
2024-11-26,8.9,8.9,8.9,8.9,100
2024-12-02,8.9,9.3,8.9,9.3,800
2024-12-03,9.3,9.3,9.3,9.3,400
2024-12-04,9.3,9.3,9.2,9.2,3200
2024-12-05,9.2,9.5,9.2,9.5,200
2024-12-06,9.5,9.5,9.5,9.5,200
2024-12-09,9.5,9.5,9.2,9.2,2000
2024-12-11,9.2,9.2,9.2,9.2,300
2024-12-12,9.2,9.2,9.2,9.2,600
2024-12-16,9.1,9.4,9.0,9.4,9100
2024-12-17,9.0,9.0,9.0,9.0,100
2024-12-18,9.6,9.9,9.6,9.6,15300
2024-12-19,9.6,9.6,9.6,9.6,500
2024-12-20,9.0,9.5,9.0,9.5,5100
2024-12-23,10.0,10.0,10.0,10.0,100
2024-12-24,10.5,10.5,9.0,9.1,12000
2024-12-26,9.1,9.5,9.1,9.5,7900
2024-12-27,9.2,9.8,9.1,9.8,3400
2025-01-16,9.7,9.7,9.7,9.7,100
2025-01-17,9.7,9.7,9.7,9.7,100
2025-01-20,9.6,9.6,9.6,9.6,500
2025-01-22,9.5,9.5,9.5,9.5,600
2025-02-03,9.4,9.4,9.4,9.4,100
2025-02-04,10.0,10.0,10.0,10.0,100
2025-02-05,9.8,9.9,9.4,9.9,12500
2025-02-07,9.5,9.5,9.5,9.5,10000
2025-02-10,9.7,9.7,9.5,9.5,2100
2025-02-11,9.5,9.5,9.5,9.5,2000
2025-02-12,9.5,9.9,9.5,9.9,10900
2025-02-13,9.2,9.8,9.2,9.8,16000
2025-02-14,9.4,9.4,9.4,9.4,1000
2025-02-17,9.3,9.3,9.1,9.2,2400
2025-02-18,9.2,9.2,9.2,9.2,2600
2025-02-19,8.8,9.5,8.8,9.2,1400
2025-02-20,9.1,9.1,9.1,9.1,8200
2025-02-21,9.1,9.2,9.1,9.2,4900
2025-02-24,9.2,9.2,9.0,9.0,1200
2025-02-25,9.0,9.6,9.0,9.1,4300
2025-02-26,9.0,9.1,9.0,9.1,3300
2025-02-28,9.0,9.1,9.0,9.1,200
2025-03-03,8.8,8.8,8.8,8.8,1100
2025-03-04,9.5,9.5,9.5,9.5,100
2025-03-05,9.3,9.3,9.3,9.3,100
2025-03-06,9.3,9.3,9.1,9.1,500
2025-03-07,9.1,9.1,9.1,9.1,900
2025-03-12,9.1,9.1,9.1,9.1,100
2025-03-13,9.1,9.1,9.1,9.1,1000
2025-03-14,9.1,9.1,9.1,9.1,600
2025-03-17,9.2,9.2,9.2,9.2,100
2025-03-19,9.3,9.3,9.3,9.3,200
2025-03-21,9.2,9.2,9.2,9.2,200
2025-03-25,9.3,9.3,9.3,9.3,100
2025-03-31,9.2,9.3,9.2,9.3,8100
2025-04-01,10.0,10.0,10.0,10.0,100
2025-04-04,9.0,9.0,9.0,9.0,1100
2025-04-09,9.0,9.0,8.1,8.5,400
2025-04-10,8.5,8.9,8.5,8.9,4600
2025-04-11,9.6,9.6,9.6,9.6,100
2025-04-14,9.4,9.4,9.4,9.4,200
2025-04-15,8.8,8.8,8.8,8.8,2300
2025-04-16,8.9,8.9,8.9,8.9,100
2025-04-18,9.2,9.2,9.2,9.2,100
2025-04-22,9.0,9.0,9.0,9.0,3300
2025-04-24,9.4,9.4,9.4,9.4,100
2025-04-25,9.4,9.4,9.4,9.4,200
2025-05-05,8.5,9.6,8.5,9.6,5300
2025-05-08,9.3,9.3,8.7,9.3,5600
2025-05-12,9.2,9.2,9.2,9.2,100
2025-05-13,9.8,9.8,9.8,9.8,100
2025-05-14,9.2,9.5,9.0,9.5,8900
2025-05-16,10.0,10.0,9.8,9.8,4300
2025-05-19,10.0,10.0,9.8,9.8,300
2025-05-21,8.9,9.7,8.9,9.7,20100
2025-05-27,10.6,10.6,9.5,9.5,1100
2025-05-28,9.5,9.5,9.5,9.5,300
2025-05-29,10.4,10.4,10.4,10.4,100
2025-05-30,9.4,9.4,9.4,9.4,8800
2025-06-02,9.4,9.4,9.4,9.4,1600
2025-06-03,9.3,9.3,9.3,9.3,1400
2025-06-04,9.5,9.5,9.5,9.5,4800
2025-06-05,9.3,9.3,9.3,9.3,700
2025-06-09,9.7,9.7,9.7,9.7,100
2025-06-10,9.0,9.7,9.0,9.7,300
2025-06-16,8.9,8.9,8.9,8.9,800
2025-06-17,9.5,9.5,9.5,9.5,100
2025-06-18,9.4,9.4,9.4,9.4,100
2025-06-23,9.5,9.5,9.5,9.5,1500
2025-06-27,9.5,9.5,9.5,9.5,100
2025-07-02,9.5,9.5,9.5,9.5,400
2025-07-03,9.5,9.5,8.9,8.9,2400
2025-07-04,9.1,9.5,9.1,9.5,300
2025-07-07,9.6,9.6,9.6,9.6,3900
2025-07-08,9.5,9.6,9.5,9.6,7900
2025-07-09,9.8,9.8,9.8,9.8,3200
2025-07-10,9.8,9.8,9.8,9.8,1500
2025-07-14,9.6,9.6,9.6,9.6,200
2025-07-16,9.9,9.9,9.9,9.9,200
2025-07-21,10.5,10.5,10.5,10.5,2000
2025-07-23,9.7,9.8,9.7,9.8,2500
2025-07-24,10.1,10.1,10.1,10.1,100
2025-08-01,9.9,9.9,9.3,9.6,11600
2025-08-04,9.6,9.6,9.6,9.6,100
2025-08-05,10.2,10.2,10.2,10.2,100
2025-08-06,9.8,9.8,9.8,9.8,100
2025-08-07,9.8,9.8,9.5,9.5,2300
2025-08-12,9.8,9.8,9.8,9.8,100
2025-08-18,9.8,9.8,9.7,9.7,3800
2025-08-19,9.7,9.7,9.7,9.7,700
2025-08-20,9.7,9.7,9.7,9.7,1900
2025-08-21,9.7,9.7,9.7,9.7,100
2025-08-22,9.4,9.7,9.3,9.7,10100
2025-08-26,9.3,9.3,9.3,9.3,100
2025-08-27,9.3,9.5,9.3,9.5,9800
2025-09-04,9.4,9.5,9.4,9.5,2100
2025-09-05,9.6,9.9,9.5,9.5,12900
2025-09-08,9.6,9.6,9.5,9.5,4800
2025-09-10,9.4,9.4,9.4,9.4,200
2025-09-12,9.5,9.6,9.4,9.6,1800
2025-09-15,9.5,9.5,9.5,9.5,2900
2025-09-16,9.5,9.5,9.5,9.5,200
2025-09-17,9.5,9.5,9.5,9.5,300
2025-09-18,9.5,9.5,9.5,9.5,100
2025-09-19,9.6,9.6,9.6,9.6,200
2025-09-22,9.5,9.5,9.4,9.4,600
2025-09-23,9.3,9.3,9.3,9.3,200
2025-09-24,9.7,9.7,9.7,9.7,100
2025-09-25,9.7,9.7,9.7,9.7,2000
2025-09-29,9.3,9.3,9.3,9.3,400
2025-09-30,9.5,9.5,9.5,9.5,100
2025-10-02,9.5,9.5,9.5,9.5,200
2025-10-06,9.3,9.3,9.3,9.3,400
2025-10-07,9.5,9.5,9.5,9.5,5000
2025-10-13,9.3,9.3,9.3,9.3,200
2025-10-14,9.3,9.8,9.3,9.8,400
2025-10-20,9.8,9.9,9.4,9.4,13300
2025-10-21,9.9,9.9,9.9,9.9,100
2025-10-22,9.9,10.8,9.9,10.1,21300
2025-10-23,10.8,11.1,10.2,11.1,24100
2025-10-24,12.2,12.2,12.2,12.2,9600
2025-10-27,13.4,13.4,13.4,13.4,19500
2025-10-28,13.5,14.7,13.4,14.7,21100
2025-10-29,14.7,16.1,14.0,14.0,11000
2025-10-30,14.0,15.4,13.8,15.4,32800
2025-10-31,16.4,16.4,16.0,16.3,700
2025-11-03,16.5,16.8,14.7,15.4,24800
2025-11-05,14.6,14.6,13.9,14.0,10600
2025-11-06,15.1,15.1,15.0,15.0,300
2025-11-07,13.6,14.7,13.6,14.7,1100
2025-11-10,13.6,13.6,13.6,13.6,200
2025-11-11,14.1,14.1,14.1,14.1,100
2025-11-12,14.0,14.9,14.0,14.9,7300
